route_id,route_no,route_type,service_day,direction_code,departure_terminal,arrival_terminal,departure_time
250000100,1,일반형시내버스,토요일,1,상공회의소,화물공영차고지,5:40
250000100,1,일반형시내버스,토요일,1,상공회의소,화물공영차고지,6:20
250000100,1,일반형시내버스,토요일,1,상공회의소,화물공영차고지,7:00
250000100,1,일반형시내버스,토요일,1,상공회의소,화물공영차고지,7:40
250000100,1,일반형시내버스,토요일,1,상공회의소,화물공영차고지,8:20
250000100,1,일반형시내버스,토요일,1,상공회의소,화물공영차고지,9:00
250000100,1,일반형시내버스,토요일,1,상공회의소,화물공영차고지,9:40
250000100,1,일반형시내버스,토요일,1,상공회의소,화물공영차고지,10:20
250000100,1,일반형시내버스,토요일,1,상공회의소,화물공영차고지,11:00
250000100,1,일반형시내버스,토요일,1,상공회의소,화물공영차고지,11:40
250000100,1,일반형시내버스,토요일,1,상공회의소,화물공영차고지,12:20
250000100,1,일반형시내버스,토요일,1,상공회의소,화물공영차고지,13:00
250000100,1,일반형시내버스,토요일,1,상공회의소,화물공영차고지,13:40
250000100,1,일반형시내버스,토요일,1,상공회의소,화물공영차고지,14:20
250000100,1,일반형시내버스,토요일,1,상공회의소,화물공영차고지,15:00
250000100,1,일반형시내버스,토요일,1,상공회의소,화물공영차고지,15:40
250000100,1,일반형시내버스,토요일,1,상공회의소,화물공영차고지,16:20
250000100,1,일반형시내버스,토요일,1,상공회의소,화물공영차고지,17:00
250000100,1,일반형시내버스,토요일,1,상공회의소,화물공영차고지,17:40
250000100,1,일반형시내버스,토요일,1,상공회의소,화물공영차고지,18:20
250000100,1,일반형시내버스,토요일,1,상공회의소,화물공영차고지,19:00
250000100,1,일반형시내버스,토요일,1,상공회의소,화물공영차고지,19:40
250000100,1,일반형시내버스,토요일,1,상공회의소,화물공영차고지,20:40
250000100,1,일반형시내버스,평일,1,상공회의소,화물공영차고지,5:40
250000100,1,일반형시내버스,평일,1,상공회의소,화물공영차고지,6:20
250000100,1,일반형시내버스,평일,1,상공회의소,화물공영차고지,7:00
250000100,1,일반형시내버스,평일,1,상공회의소,화물공영차고지,7:40
250000100,1,일반형시내버스,평일,1,상공회의소,화물공영차고지,8:20
250000100,1,일반형시내버스,평일,1,상공회의소,화물공영차고지,9:00
250000100,1,일반형시내버스,평일,1,상공회의소,화물공영차고지,9:40
250000100,1,일반형시내버스,평일,1,상공회의소,화물공영차고지,10:20
250000100,1,일반형시내버스,평일,1,상공회의소,화물공영차고지,11:00
250000100,1,일반형시내버스,평일,1,상공회의소,화물공영차고지,11:40
250000100,1,일반형시내버스,평일,1,상공회의소,화물공영차고지,12:20
250000100,1,일반형시내버스,평일,1,상공회의소,화물공영차고지,13:00
250000100,1,일반형시내버스,평일,1,상공회의소,화물공영차고지,13:40
250000100,1,일반형시내버스,평일,1,상공회의소,화물공영차고지,14:30
250000100,1,일반형시내버스,평일,1,상공회의소,화물공영차고지,15:00
250000100,1,일반형시내버스,평일,1,상공회의소,화물공영차고지,15:40
250000100,1,일반형시내버스,평일,1,상공회의소,화물공영차고지,16:20
250000100,1,일반형시내버스,평일,1,상공회의소,화물공영차고지,17:00
250000100,1,일반형시내버스,평일,1,상공회의소,화물공영차고지,17:40
250000100,1,일반형시내버스,평일,1,상공회의소,화물공영차고지,18:20
250000100,1,일반형시내버스,평일,1,상공회의소,화물공영차고지,19:00
250000100,1,일반형시내버스,평일,1,상공회의소,화물공영차고지,19:40
250000100,1,일반형시내버스,평일,1,상공회의소,화물공영차고지,20:30
250000100,1,일반형시내버스,평일,2,화물공영차고지,상공회의소,6:00
250000100,1,일반형시내버스,평일,2,화물공영차고지,상공회의소,6:40
250000100,1,일반형시내버스,평일,2,화물공영차고지,상공회의소,7:20
250000100,1,일반형시내버스,평일,2,화물공영차고지,상공회의소,8:00
250000100,1,일반형시내버스,평일,2,화물공영차고지,상공회의소,8:40
250000100,1,일반형시내버스,평일,2,화물공영차고지,상공회의소,9:20
250000100,1,일반형시내버스,평일,2,화물공영차고지,상공회의소,10:00
250000100,1,일반형시내버스,평일,2,화물공영차고지,상공회의소,10:40
250000100,1,일반형시내버스,평일,2,화물공영차고지,상공회의소,11:20
250000100,1,일반형시내버스,평일,2,화물공영차고지,상공회의소,12:00
250000100,1,일반형시내버스,평일,2,화물공영차고지,상공회의소,12:40
250000100,1,일반형시내버스,평일,2,화물공영차고지,상공회의소,13:20
250000100,1,일반형시내버스,평일,2,화물공영차고지,상공회의소,14:00
250000100,1,일반형시내버스,평일,2,화물공영차고지,상공회의소,14:40
250000100,1,일반형시내버스,평일,2,화물공영차고지,상공회의소,15:20
250000100,1,일반형시내버스,평일,2,화물공영차고지,상공회의소,16:00
250000100,1,일반형시내버스,평일,2,화물공영차고지,상공회의소,16:40
250000100,1,일반형시내버스,평일,2,화물공영차고지,상공회의소,17:20
250000100,1,일반형시내버스,평일,2,화물공영차고지,상공회의소,18:00
250000100,1,일반형시내버스,평일,2,화물공영차고지,상공회의소,18:40
250000100,1,일반형시내버스,평일,2,화물공영차고지,상공회의소,19:20
250000100,1,일반형시내버스,평일,2,화물공영차고지,상공회의소,20:00
250000100,1,일반형시내버스,평일,2,화물공영차고지,상공회의소,20:40
250000100,1,일반형시내버스,평일,2,화물공영차고지,상공회의소,21:30
250000100,1,일반형시내버스,휴일,1,상공회의소,화물공영차고지,5:40
250000100,1,일반형시내버스,휴일,1,상공회의소,화물공영차고지,6:20
250000100,1,일반형시내버스,휴일,1,상공회의소,화물공영차고지,7:00
250000100,1,일반형시내버스,휴일,1,상공회의소,화물공영차고지,7:40
250000100,1,일반형시내버스,휴일,1,상공회의소,화물공영차고지,8:20
250000100,1,일반형시내버스,휴일,1,상공회의소,화물공영차고지,9:00
250000100,1,일반형시내버스,휴일,1,상공회의소,화물공영차고지,9:40
250000100,1,일반형시내버스,휴일,1,상공회의소,화물공영차고지,10:20
250000100,1,일반형시내버스,휴일,1,상공회의소,화물공영차고지,11:00
250000100,1,일반형시내버스,휴일,1,상공회의소,화물공영차고지,11:40
250000100,1,일반형시내버스,휴일,1,상공회의소,화물공영차고지,12:20
250000100,1,일반형시내버스,휴일,1,상공회의소,화물공영차고지,13:00
250000100,1,일반형시내버스,휴일,1,상공회의소,화물공영차고지,13:40
250000100,1,일반형시내버스,휴일,1,상공회의소,화물공영차고지,14:20
250000100,1,일반형시내버스,휴일,1,상공회의소,화물공영차고지,15:00
250000100,1,일반형시내버스,휴일,1,상공회의소,화물공영차고지,15:40
250000100,1,일반형시내버스,휴일,1,상공회의소,화물공영차고지,16:20
250000100,1,일반형시내버스,휴일,1,상공회의소,화물공영차고지,17:00
250000100,1,일반형시내버스,휴일,1,상공회의소,화물공영차고지,17:40
250000100,1,일반형시내버스,휴일,1,상공회의소,화물공영차고지,18:20
250000100,1,일반형시내버스,휴일,1,상공회의소,화물공영차고지,19:00
250000100,1,일반형시내버스,휴일,1,상공회의소,화물공영차고지,19:40
250000100,1,일반형시내버스,휴일,1,상공회의소,화물공영차고지,20:40
250001000,10,일반형시내버스,토요일,1,상공회의소,춘천지방법원,6:10
250001000,10,일반형시내버스,토요일,1,상공회의소,춘천지방법원,7:00
250001000,10,일반형시내버스,토요일,1,상공회의소,춘천지방법원,7:30
250001000,10,일반형시내버스,토요일,1,상공회의소,춘천지방법원,8:00
250001000,10,일반형시내버스,토요일,1,상공회의소,춘천지방법원,8:30
250001000,10,일반형시내버스,토요일,1,상공회의소,춘천지방법원,9:00
250001000,10,일반형시내버스,토요일,1,상공회의소,춘천지방법원,9:30
250001000,10,일반형시내버스,토요일,1,상공회의소,춘천지방법원,10:00
250001000,10,일반형시내버스,토요일,1,상공회의소,춘천지방법원,10:30
250001000,10,일반형시내버스,토요일,1,상공회의소,춘천지방법원,11:00
250001000,10,일반형시내버스,토요일,1,상공회의소,춘천지방법원,11:30
250001000,10,일반형시내버스,토요일,1,상공회의소,춘천지방법원,12:00
250001000,10,일반형시내버스,토요일,1,상공회의소,춘천지방법원,12:30
250001000,10,일반형시내버스,토요일,1,상공회의소,춘천지방법원,13:00
250001000,10,일반형시내버스,토요일,1,상공회의소,춘천지방법원,13:30
250001000,10,일반형시내버스,토요일,1,상공회의소,춘천지방법원,14:00
250001000,10,일반형시내버스,토요일,1,상공회의소,춘천지방법원,14:30
250001000,10,일반형시내버스,토요일,1,상공회의소,춘천지방법원,15:00
250001000,10,일반형시내버스,토요일,1,상공회의소,춘천지방법원,15:30
250001000,10,일반형시내버스,토요일,1,상공회의소,춘천지방법원,16:00
250001000,10,일반형시내버스,토요일,1,상공회의소,춘천지방법원,16:30
250001000,10,일반형시내버스,토요일,1,상공회의소,춘천지방법원,17:00
250001000,10,일반형시내버스,토요일,1,상공회의소,춘천지방법원,17:30
250001000,10,일반형시내버스,토요일,1,상공회의소,춘천지방법원,18:00
250001000,10,일반형시내버스,토요일,1,상공회의소,춘천지방법원,18:30
250001000,10,일반형시내버스,토요일,1,상공회의소,춘천지방법원,19:00
250001000,10,일반형시내버스,토요일,1,상공회의소,춘천지방법원,19:30
250001000,10,일반형시내버스,토요일,1,상공회의소,춘천지방법원,20:00
250001000,10,일반형시내버스,토요일,1,상공회의소,춘천지방법원,20:30
250001000,10,일반형시내버스,토요일,1,상공회의소,춘천지방법원,21:30
250001000,10,일반형시내버스,평일,1,상공회의소,춘천지방법원,5:55
250001000,10,일반형시내버스,평일,1,상공회의소,춘천지방법원,6:25
250001000,10,일반형시내버스,평일,1,상공회의소,춘천지방법원,7:00
250001000,10,일반형시내버스,평일,1,상공회의소,춘천지방법원,7:35
250001000,10,일반형시내버스,평일,1,상공회의소,춘천지방법원,8:00
250001000,10,일반형시내버스,평일,1,상공회의소,춘천지방법원,8:25
250001000,10,일반형시내버스,평일,1,상공회의소,춘천지방법원,8:50
250001000,10,일반형시내버스,평일,1,상공회의소,춘천지방법원,9:20
250001000,10,일반형시내버스,평일,1,상공회의소,춘천지방법원,9:50
250001000,10,일반형시내버스,평일,1,상공회의소,춘천지방법원,10:20
250001000,10,일반형시내버스,평일,1,상공회의소,춘천지방법원,10:50
250001000,10,일반형시내버스,평일,1,상공회의소,춘천지방법원,11:20
250001000,10,일반형시내버스,평일,1,상공회의소,춘천지방법원,11:50
250001000,10,일반형시내버스,평일,1,상공회의소,춘천지방법원,12:20
250001000,10,일반형시내버스,평일,1,상공회의소,춘천지방법원,12:50
250001000,10,일반형시내버스,평일,1,상공회의소,춘천지방법원,13:20
250001000,10,일반형시내버스,평일,1,상공회의소,춘천지방법원,13:50
250001000,10,일반형시내버스,평일,1,상공회의소,춘천지방법원,14:20
250001000,10,일반형시내버스,평일,1,상공회의소,춘천지방법원,14:50
250001000,10,일반형시내버스,평일,1,상공회의소,춘천지방법원,15:20
250001000,10,일반형시내버스,평일,1,상공회의소,춘천지방법원,15:40
250001000,10,일반형시내버스,평일,1,상공회의소,춘천지방법원,16:00
250001000,10,일반형시내버스,평일,1,상공회의소,춘천지방법원,16:20
250001000,10,일반형시내버스,평일,1,상공회의소,춘천지방법원,16:50
250001000,10,일반형시내버스,평일,1,상공회의소,춘천지방법원,17:20
250001000,10,일반형시내버스,평일,1,상공회의소,춘천지방법원,17:50
250001000,10,일반형시내버스,평일,1,상공회의소,춘천지방법원,18:20
250001000,10,일반형시내버스,평일,1,상공회의소,춘천지방법원,18:50
250001000,10,일반형시내버스,평일,1,상공회의소,춘천지방법원,19:20
250001000,10,일반형시내버스,평일,1,상공회의소,춘천지방법원,19:50
250001000,10,일반형시내버스,평일,1,상공회의소,춘천지방법원,20:20
250001000,10,일반형시내버스,평일,1,상공회의소,춘천지방법원,20:50
250001000,10,일반형시내버스,평일,1,상공회의소,춘천지방법원,21:20
250001000,10,일반형시내버스,평일,1,상공회의소,춘천지방법원,21:50
250001000,10,일반형시내버스,평일,1,상공회의소,춘천지방법원,22:25
250001000,10,일반형시내버스,휴일,1,상공회의소,춘천지방법원,6:10
250001000,10,일반형시내버스,휴일,1,상공회의소,춘천지방법원,7:00
250001000,10,일반형시내버스,휴일,1,상공회의소,춘천지방법원,7:30
250001000,10,일반형시내버스,휴일,1,상공회의소,춘천지방법원,8:00
250001000,10,일반형시내버스,휴일,1,상공회의소,춘천지방법원,8:30
250001000,10,일반형시내버스,휴일,1,상공회의소,춘천지방법원,9:00
250001000,10,일반형시내버스,휴일,1,상공회의소,춘천지방법원,9:30
250001000,10,일반형시내버스,휴일,1,상공회의소,춘천지방법원,10:00
250001000,10,일반형시내버스,휴일,1,상공회의소,춘천지방법원,10:30
250001000,10,일반형시내버스,휴일,1,상공회의소,춘천지방법원,11:00
250001000,10,일반형시내버스,휴일,1,상공회의소,춘천지방법원,11:30
250001000,10,일반형시내버스,휴일,1,상공회의소,춘천지방법원,12:00
250001000,10,일반형시내버스,휴일,1,상공회의소,춘천지방법원,12:30
250001000,10,일반형시내버스,휴일,1,상공회의소,춘천지방법원,13:00
250001000,10,일반형시내버스,휴일,1,상공회의소,춘천지방법원,13:30
250001000,10,일반형시내버스,휴일,1,상공회의소,춘천지방법원,14:00
250001000,10,일반형시내버스,휴일,1,상공회의소,춘천지방법원,14:30
250001000,10,일반형시내버스,휴일,1,상공회의소,춘천지방법원,15:00
250001000,10,일반형시내버스,휴일,1,상공회의소,춘천지방법원,15:30
250001000,10,일반형시내버스,휴일,1,상공회의소,춘천지방법원,16:00
250001000,10,일반형시내버스,휴일,1,상공회의소,춘천지방법원,16:30
250001000,10,일반형시내버스,휴일,1,상공회의소,춘천지방법원,17:00
250001000,10,일반형시내버스,휴일,1,상공회의소,춘천지방법원,17:30
250001000,10,일반형시내버스,휴일,1,상공회의소,춘천지방법원,18:00
250001000,10,일반형시내버스,휴일,1,상공회의소,춘천지방법원,18:30
250001000,10,일반형시내버스,휴일,1,상공회의소,춘천지방법원,19:00
250001000,10,일반형시내버스,휴일,1,상공회의소,춘천지방법원,19:30
250001000,10,일반형시내버스,휴일,1,상공회의소,춘천지방법원,20:00
250001000,10,일반형시내버스,휴일,1,상공회의소,춘천지방법원,20:30
250001000,10,일반형시내버스,휴일,1,상공회의소,춘천지방법원,21:30
250010000,100,일반형시내버스,,1,후평동종점,중앙하이츠2차,7:30
250010000,100,일반형시내버스,,1,후평동종점,중앙하이츠2차,8:45
250010000,100,일반형시내버스,,1,후평동종점,중앙하이츠2차,10:10
250010000,100,일반형시내버스,,1,후평동종점,중앙하이츠2차,11:20
250010000,100,일반형시내버스,,1,후평동종점,중앙하이츠2차,12:55
250010000,100,일반형시내버스,,1,후평동종점,중앙하이츠2차,14:05
250010000,100,일반형시내버스,,1,후평동종점,중앙하이츠2차,15:30
250010000,100,일반형시내버스,,1,후평동종점,중앙하이츠2차,16:40
250010000,100,일반형시내버스,,1,후평동종점,중앙하이츠2차,18:20
250010000,100,일반형시내버스,,1,후평동종점,중앙하이츠2차,19:30
250010000,100,일반형시내버스,,1,후평동종점,중앙하이츠2차,21:10
250010000,100,일반형시내버스,토요일,1,후평동종점,중앙하이츠2차,7:00
250010000,100,일반형시내버스,토요일,1,후평동종점,중앙하이츠2차,8:15
250010000,100,일반형시내버스,토요일,1,후평동종점,중앙하이츠2차,9:50
250010000,100,일반형시내버스,토요일,1,후평동종점,중앙하이츠2차,10:35
250010000,100,일반형시내버스,토요일,1,후평동종점,중앙하이츠2차,11:25
250010000,100,일반형시내버스,토요일,1,후평동종점,중앙하이츠2차,13:10
250010000,100,일반형시내버스,토요일,1,후평동종점,중앙하이츠2차,14:45
250010000,100,일반형시내버스,토요일,1,후평동종점,중앙하이츠2차,16:20
250010000,100,일반형시내버스,토요일,1,후평동종점,중앙하이츠2차,16:55
250010000,100,일반형시내버스,토요일,1,후평동종점,중앙하이츠2차,18:05
250010000,100,일반형시내버스,토요일,1,후평동종점,중앙하이츠2차,19:40
250010000,100,일반형시내버스,토요일,1,후평동종점,중앙하이츠2차,20:25
250010000,100,일반형시내버스,토요일,1,후평동종점,중앙하이츠2차,21:05
250010000,100,일반형시내버스,평일,1,후평동종점,중앙하이츠2차,7:00
250010000,100,일반형시내버스,평일,1,후평동종점,중앙하이츠2차,8:15
250010000,100,일반형시내버스,평일,1,후평동종점,중앙하이츠2차,9:50
250010000,100,일반형시내버스,평일,1,후평동종점,중앙하이츠2차,10:35
250010000,100,일반형시내버스,평일,1,후평동종점,중앙하이츠2차,11:25
250010000,100,일반형시내버스,평일,1,후평동종점,중앙하이츠2차,13:10
250010000,100,일반형시내버스,평일,1,후평동종점,중앙하이츠2차,14:45
250010000,100,일반형시내버스,평일,1,후평동종점,중앙하이츠2차,15:20
250010000,100,일반형시내버스,평일,1,후평동종점,중앙하이츠2차,16:20
250010000,100,일반형시내버스,평일,1,후평동종점,중앙하이츠2차,16:55
250010000,100,일반형시내버스,평일,1,후평동종점,중앙하이츠2차,18:05
250010000,100,일반형시내버스,평일,1,후평동종점,중앙하이츠2차,18:40
250010000,100,일반형시내버스,평일,1,후평동종점,중앙하이츠2차,19:40
250010000,100,일반형시내버스,평일,1,후평동종점,중앙하이츠2차,20:25
250010000,100,일반형시내버스,평일,1,후평동종점,중앙하이츠2차,21:05
250010000,100,일반형시내버스,평일,1,후평동종점,중앙하이츠2차,21:50
250010000,100,일반형시내버스,휴일,1,후평동종점,중앙하이츠2차,7:30
250010000,100,일반형시내버스,휴일,1,후평동종점,중앙하이츠2차,8:45
250010000,100,일반형시내버스,휴일,1,후평동종점,중앙하이츠2차,10:10
250010000,100,일반형시내버스,휴일,1,후평동종점,중앙하이츠2차,11:20
250010000,100,일반형시내버스,휴일,1,후평동종점,중앙하이츠2차,12:55
250010000,100,일반형시내버스,휴일,1,후평동종점,중앙하이츠2차,14:05
250010000,100,일반형시내버스,휴일,1,후평동종점,중앙하이츠2차,15:30
250010000,100,일반형시내버스,휴일,1,후평동종점,중앙하이츠2차,16:40
250010000,100,일반형시내버스,휴일,1,후평동종점,중앙하이츠2차,18:20
250010000,100,일반형시내버스,휴일,1,후평동종점,중앙하이츠2차,19:30
250010000,100,일반형시내버스,휴일,1,후평동종점,중앙하이츠2차,21:10
250010001,100-1,일반형시내버스,토요일,1,후평동종점,퇴계주공2차,6:55
250010001,100-1,일반형시내버스,토요일,1,후평동종점,퇴계주공2차,8:10
250010001,100-1,일반형시내버스,토요일,1,후평동종점,퇴계주공2차,9:45
250010001,100-1,일반형시내버스,토요일,1,후평동종점,퇴계주공2차,11:20
250010001,100-1,일반형시내버스,토요일,1,후평동종점,퇴계주공2차,13:05
250010001,100-1,일반형시내버스,토요일,1,후평동종점,퇴계주공2차,14:40
250010001,100-1,일반형시내버스,토요일,1,후평동종점,퇴계주공2차,15:20
250010001,100-1,일반형시내버스,토요일,1,후평동종점,퇴계주공2차,16:15
250010001,100-1,일반형시내버스,토요일,1,후평동종점,퇴계주공2차,17:50
250010001,100-1,일반형시내버스,토요일,1,후평동종점,퇴계주공2차,18:40
250010001,100-1,일반형시내버스,토요일,1,후평동종점,퇴계주공2차,19:35
250010001,100-1,일반형시내버스,토요일,1,후평동종점,퇴계주공2차,21:00
250010001,100-1,일반형시내버스,토요일,1,후평동종점,퇴계주공2차,21:50
250010001,100-1,일반형시내버스,평일,1,후평동종점,퇴계주공2차,6:55
250010001,100-1,일반형시내버스,평일,1,후평동종점,퇴계주공2차,7:30
250010001,100-1,일반형시내버스,평일,1,후평동종점,퇴계주공2차,8:10
250010001,100-1,일반형시내버스,평일,1,후평동종점,퇴계주공2차,8:55
250010001,100-1,일반형시내버스,평일,1,후평동종점,퇴계주공2차,9:45
250010001,100-1,일반형시내버스,평일,1,후평동종점,퇴계주공2차,10:30
250010001,100-1,일반형시내버스,평일,1,후평동종점,퇴계주공2차,11:20
250010001,100-1,일반형시내버스,평일,1,후평동종점,퇴계주공2차,12:15
250010001,100-1,일반형시내버스,평일,1,후평동종점,퇴계주공2차,13:05
250010001,100-1,일반형시내버스,평일,1,후평동종점,퇴계주공2차,13:50
250010001,100-1,일반형시내버스,평일,1,후평동종점,퇴계주공2차,14:40
250010001,100-1,일반형시내버스,평일,1,후평동종점,퇴계주공2차,15:25
250010001,100-1,일반형시내버스,평일,1,후평동종점,퇴계주공2차,16:15
250010001,100-1,일반형시내버스,평일,1,후평동종점,퇴계주공2차,17:00
250010001,100-1,일반형시내버스,평일,1,후평동종점,퇴계주공2차,17:50
250010001,100-1,일반형시내버스,평일,1,후평동종점,퇴계주공2차,18:45
250010001,100-1,일반형시내버스,평일,1,후평동종점,퇴계주공2차,19:35
250010001,100-1,일반형시내버스,평일,1,후평동종점,퇴계주공2차,20:20
250010001,100-1,일반형시내버스,평일,1,후평동종점,퇴계주공2차,21:00
250010001,100-1,일반형시내버스,평일,1,후평동종점,퇴계주공2차,21:45
250010100,101,일반형시내버스,토요일,1,후평동종점,중앙하이츠2차,7:30
250010100,101,일반형시내버스,토요일,1,후평동종점,중앙하이츠2차,8:40
250010100,101,일반형시내버스,평일,1,후평동종점,중앙하이츠2차,7:30
250010100,101,일반형시내버스,평일,1,후평동종점,중앙하이츠2차,8:40
250010100,101,일반형시내버스,휴일,1,후평동종점,중앙하이츠2차,7:30
250010100,101,일반형시내버스,휴일,1,후평동종점,중앙하이츠2차,8:40
250001001,10월 01일,일반형시내버스,토요일,1,상공회의소,한국토지주택공사,6:05
250001001,10월 01일,일반형시내버스,토요일,1,상공회의소,한국토지주택공사,6:55
250001001,10월 01일,일반형시내버스,토요일,1,상공회의소,한국토지주택공사,7:25
250001001,10월 01일,일반형시내버스,토요일,1,상공회의소,한국토지주택공사,7:55
250001001,10월 01일,일반형시내버스,토요일,1,상공회의소,한국토지주택공사,8:25
250001001,10월 01일,일반형시내버스,토요일,1,상공회의소,한국토지주택공사,8:55
250001001,10월 01일,일반형시내버스,토요일,1,상공회의소,한국토지주택공사,9:25
250001001,10월 01일,일반형시내버스,토요일,1,상공회의소,한국토지주택공사,9:55
250001001,10월 01일,일반형시내버스,토요일,1,상공회의소,한국토지주택공사,10:25
250001001,10월 01일,일반형시내버스,토요일,1,상공회의소,한국토지주택공사,10:55
250001001,10월 01일,일반형시내버스,토요일,1,상공회의소,한국토지주택공사,11:25
250001001,10월 01일,일반형시내버스,토요일,1,상공회의소,한국토지주택공사,11:55
250001001,10월 01일,일반형시내버스,토요일,1,상공회의소,한국토지주택공사,12:25
250001001,10월 01일,일반형시내버스,토요일,1,상공회의소,한국토지주택공사,12:55
250001001,10월 01일,일반형시내버스,토요일,1,상공회의소,한국토지주택공사,13:25
250001001,10월 01일,일반형시내버스,토요일,1,상공회의소,한국토지주택공사,13:55
250001001,10월 01일,일반형시내버스,토요일,1,상공회의소,한국토지주택공사,14:25
250001001,10월 01일,일반형시내버스,토요일,1,상공회의소,한국토지주택공사,14:55
250001001,10월 01일,일반형시내버스,토요일,1,상공회의소,한국토지주택공사,15:25
250001001,10월 01일,일반형시내버스,토요일,1,상공회의소,한국토지주택공사,15:55
250001001,10월 01일,일반형시내버스,토요일,1,상공회의소,한국토지주택공사,16:25
250001001,10월 01일,일반형시내버스,토요일,1,상공회의소,한국토지주택공사,16:55
250001001,10월 01일,일반형시내버스,토요일,1,상공회의소,한국토지주택공사,17:25
250001001,10월 01일,일반형시내버스,토요일,1,상공회의소,한국토지주택공사,17:55
250001001,10월 01일,일반형시내버스,토요일,1,상공회의소,한국토지주택공사,18:25
250001001,10월 01일,일반형시내버스,토요일,1,상공회의소,한국토지주택공사,18:55
250001001,10월 01일,일반형시내버스,토요일,1,상공회의소,한국토지주택공사,19:25
250001001,10월 01일,일반형시내버스,토요일,1,상공회의소,한국토지주택공사,19:55
250001001,10월 01일,일반형시내버스,토요일,1,상공회의소,한국토지주택공사,20:25
250001001,10월 01일,일반형시내버스,토요일,1,상공회의소,한국토지주택공사,21:25
250001001,10월 01일,일반형시내버스,평일,1,상공회의소,한국토지주택공사,6:00
250001001,10월 01일,일반형시내버스,평일,1,상공회의소,한국토지주택공사,6:30
250001001,10월 01일,일반형시내버스,평일,1,상공회의소,한국토지주택공사,7:05
250001001,10월 01일,일반형시내버스,평일,1,상공회의소,한국토지주택공사,7:20
250001001,10월 01일,일반형시내버스,평일,1,상공회의소,한국토지주택공사,7:40
250001001,10월 01일,일반형시내버스,평일,1,상공회의소,한국토지주택공사,8:05
250001001,10월 01일,일반형시내버스,평일,1,상공회의소,한국토지주택공사,8:30
250001001,10월 01일,일반형시내버스,평일,1,상공회의소,한국토지주택공사,8:55
250001001,10월 01일,일반형시내버스,평일,1,상공회의소,한국토지주택공사,9:25
250001001,10월 01일,일반형시내버스,평일,1,상공회의소,한국토지주택공사,9:55
250001001,10월 01일,일반형시내버스,평일,1,상공회의소,한국토지주택공사,10:25
250001001,10월 01일,일반형시내버스,평일,1,상공회의소,한국토지주택공사,10:55
250001001,10월 01일,일반형시내버스,평일,1,상공회의소,한국토지주택공사,11:25
250001001,10월 01일,일반형시내버스,평일,1,상공회의소,한국토지주택공사,11:55
250001001,10월 01일,일반형시내버스,평일,1,상공회의소,한국토지주택공사,12:25
250001001,10월 01일,일반형시내버스,평일,1,상공회의소,한국토지주택공사,12:55
250001001,10월 01일,일반형시내버스,평일,1,상공회의소,한국토지주택공사,13:25
250001001,10월 01일,일반형시내버스,평일,1,상공회의소,한국토지주택공사,13:55
250001001,10월 01일,일반형시내버스,평일,1,상공회의소,한국토지주택공사,14:25
250001001,10월 01일,일반형시내버스,평일,1,상공회의소,한국토지주택공사,14:55
250001001,10월 01일,일반형시내버스,평일,1,상공회의소,한국토지주택공사,15:30
250001001,10월 01일,일반형시내버스,평일,1,상공회의소,한국토지주택공사,15:45
250001001,10월 01일,일반형시내버스,평일,1,상공회의소,한국토지주택공사,16:05
250001001,10월 01일,일반형시내버스,평일,1,상공회의소,한국토지주택공사,16:30
250001001,10월 01일,일반형시내버스,평일,1,상공회의소,한국토지주택공사,16:55
250001001,10월 01일,일반형시내버스,평일,1,상공회의소,한국토지주택공사,17:25
250001001,10월 01일,일반형시내버스,평일,1,상공회의소,한국토지주택공사,17:55
250001001,10월 01일,일반형시내버스,평일,1,상공회의소,한국토지주택공사,18:25
250001001,10월 01일,일반형시내버스,평일,1,상공회의소,한국토지주택공사,18:55
250001001,10월 01일,일반형시내버스,평일,1,상공회의소,한국토지주택공사,19:25
250001001,10월 01일,일반형시내버스,평일,1,상공회의소,한국토지주택공사,19:55
250001001,10월 01일,일반형시내버스,평일,1,상공회의소,한국토지주택공사,20:25
250001001,10월 01일,일반형시내버스,평일,1,상공회의소,한국토지주택공사,20:55
250001001,10월 01일,일반형시내버스,평일,1,상공회의소,한국토지주택공사,21:25
250001001,10월 01일,일반형시내버스,평일,1,상공회의소,한국토지주택공사,21:55
250001001,10월 01일,일반형시내버스,평일,1,상공회의소,한국토지주택공사,22:30
250001001,10월 01일,일반형시내버스,휴일,1,상공회의소,한국토지주택공사,6:05
250001001,10월 01일,일반형시내버스,휴일,1,상공회의소,한국토지주택공사,6:55
250001001,10월 01일,일반형시내버스,휴일,1,상공회의소,한국토지주택공사,7:25
250001001,10월 01일,일반형시내버스,휴일,1,상공회의소,한국토지주택공사,7:55
250001001,10월 01일,일반형시내버스,휴일,1,상공회의소,한국토지주택공사,8:25
250001001,10월 01일,일반형시내버스,휴일,1,상공회의소,한국토지주택공사,8:55
250001001,10월 01일,일반형시내버스,휴일,1,상공회의소,한국토지주택공사,9:25
250001001,10월 01일,일반형시내버스,휴일,1,상공회의소,한국토지주택공사,9:55
250001001,10월 01일,일반형시내버스,휴일,1,상공회의소,한국토지주택공사,10:25
250001001,10월 01일,일반형시내버스,휴일,1,상공회의소,한국토지주택공사,10:55
250001001,10월 01일,일반형시내버스,휴일,1,상공회의소,한국토지주택공사,11:25
250001001,10월 01일,일반형시내버스,휴일,1,상공회의소,한국토지주택공사,11:55
250001001,10월 01일,일반형시내버스,휴일,1,상공회의소,한국토지주택공사,12:25
250001001,10월 01일,일반형시내버스,휴일,1,상공회의소,한국토지주택공사,12:55
250001001,10월 01일,일반형시내버스,휴일,1,상공회의소,한국토지주택공사,13:25
250001001,10월 01일,일반형시내버스,휴일,1,상공회의소,한국토지주택공사,13:55
250001001,10월 01일,일반형시내버스,휴일,1,상공회의소,한국토지주택공사,14:25
250001001,10월 01일,일반형시내버스,휴일,1,상공회의소,한국토지주택공사,14:55
250001001,10월 01일,일반형시내버스,휴일,1,상공회의소,한국토지주택공사,15:25
250001001,10월 01일,일반형시내버스,휴일,1,상공회의소,한국토지주택공사,15:55
250001001,10월 01일,일반형시내버스,휴일,1,상공회의소,한국토지주택공사,16:25
250001001,10월 01일,일반형시내버스,휴일,1,상공회의소,한국토지주택공사,16:55
250001001,10월 01일,일반형시내버스,휴일,1,상공회의소,한국토지주택공사,17:25
250001001,10월 01일,일반형시내버스,휴일,1,상공회의소,한국토지주택공사,17:55
250001001,10월 01일,일반형시내버스,휴일,1,상공회의소,한국토지주택공사,18:25
250001001,10월 01일,일반형시내버스,휴일,1,상공회의소,한국토지주택공사,18:55
250001001,10월 01일,일반형시내버스,휴일,1,상공회의소,한국토지주택공사,19:25
250001001,10월 01일,일반형시내버스,휴일,1,상공회의소,한국토지주택공사,19:55
250001001,10월 01일,일반형시내버스,휴일,1,상공회의소,한국토지주택공사,20:25
250001001,10월 01일,일반형시내버스,휴일,1,상공회의소,한국토지주택공사,21:25
250010101,101-1,일반형시내버스,평일,1,후평동종점,퇴계주공2차,18:00
250001002,10-S,일반형시내버스,평일,1,상공회의소,춘천한샘고등학교,7:15
250001100,11,일반형시내버스,토요일,1,후평동종점,소양강댐정상,5:55
250001100,11,일반형시내버스,토요일,1,후평동종점,소양강댐정상,6:25
250001100,11,일반형시내버스,토요일,1,후평동종점,소양강댐정상,6:45
250001100,11,일반형시내버스,토요일,1,후평동종점,소양강댐정상,7:15
250001100,11,일반형시내버스,토요일,1,후평동종점,소양강댐정상,7:55
250001100,11,일반형시내버스,토요일,1,후평동종점,소양강댐정상,8:35
250001100,11,일반형시내버스,토요일,1,후평동종점,소양강댐정상,9:10
250001100,11,일반형시내버스,토요일,1,후평동종점,소양강댐정상,9:35
250001100,11,일반형시내버스,토요일,1,후평동종점,소양강댐정상,9:55
250001100,11,일반형시내버스,토요일,1,후평동종점,소양강댐정상,10:35
250001100,11,일반형시내버스,토요일,1,후평동종점,소양강댐정상,11:15
250001100,11,일반형시내버스,토요일,1,후평동종점,소양강댐정상,11:55
250001100,11,일반형시내버스,토요일,1,후평동종점,소양강댐정상,12:25
250001100,11,일반형시내버스,토요일,1,후평동종점,소양강댐정상,12:45
250001100,11,일반형시내버스,토요일,1,후평동종점,소양강댐정상,13:15
250001100,11,일반형시내버스,토요일,1,후평동종점,소양강댐정상,13:55
250001100,11,일반형시내버스,토요일,1,후평동종점,소양강댐정상,14:35
250001100,11,일반형시내버스,토요일,1,후평동종점,소양강댐정상,15:10
250001100,11,일반형시내버스,토요일,1,후평동종점,소양강댐정상,15:35
250001100,11,일반형시내버스,토요일,1,후평동종점,소양강댐정상,16:20
250001100,11,일반형시내버스,토요일,1,후평동종점,소양강댐정상,17:00
250001100,11,일반형시내버스,토요일,1,후평동종점,소양강댐정상,17:55
250001100,11,일반형시내버스,토요일,1,후평동종점,소양강댐정상,18:25
250001100,11,일반형시내버스,토요일,1,후평동종점,소양강댐정상,18:45
250001100,11,일반형시내버스,토요일,1,후평동종점,소양강댐정상,19:20
250001100,11,일반형시내버스,토요일,1,후평동종점,소양강댐정상,19:55
250001100,11,일반형시내버스,토요일,1,후평동종점,소양강댐정상,20:45
250001100,11,일반형시내버스,토요일,1,후평동종점,소양강댐정상,21:30
250001100,11,일반형시내버스,토요일,1,후평동종점,소양강댐정상,22:00
250001100,11,일반형시내버스,평일,1,후평동종점,소양강댐정상,5:55
250001100,11,일반형시내버스,평일,1,후평동종점,소양강댐정상,6:25
250001100,11,일반형시내버스,평일,1,후평동종점,소양강댐정상,6:45
250001100,11,일반형시내버스,평일,1,후평동종점,소양강댐정상,7:15
250001100,11,일반형시내버스,평일,1,후평동종점,소양강댐정상,7:55
250001100,11,일반형시내버스,평일,1,후평동종점,소양강댐정상,8:35
250001100,11,일반형시내버스,평일,1,후평동종점,소양강댐정상,9:10
250001100,11,일반형시내버스,평일,1,후평동종점,소양강댐정상,9:35
250001100,11,일반형시내버스,평일,1,후평동종점,소양강댐정상,9:55
250001100,11,일반형시내버스,평일,1,후평동종점,소양강댐정상,10:35
250001100,11,일반형시내버스,평일,1,후평동종점,소양강댐정상,11:15
250001100,11,일반형시내버스,평일,1,후평동종점,소양강댐정상,11:55
250001100,11,일반형시내버스,평일,1,후평동종점,소양강댐정상,12:25
250001100,11,일반형시내버스,평일,1,후평동종점,소양강댐정상,12:45
250001100,11,일반형시내버스,평일,1,후평동종점,소양강댐정상,13:15
250001100,11,일반형시내버스,평일,1,후평동종점,소양강댐정상,13:55
250001100,11,일반형시내버스,평일,1,후평동종점,소양강댐정상,14:35
250001100,11,일반형시내버스,평일,1,후평동종점,소양강댐정상,15:10
250001100,11,일반형시내버스,평일,1,후평동종점,소양강댐정상,15:35
250001100,11,일반형시내버스,평일,1,후평동종점,소양강댐정상,15:55
250001100,11,일반형시내버스,평일,1,후평동종점,소양강댐정상,16:35
250001100,11,일반형시내버스,평일,1,후평동종점,소양강댐정상,17:15
250001100,11,일반형시내버스,평일,1,후평동종점,소양강댐정상,17:55
250001100,11,일반형시내버스,평일,1,후평동종점,소양강댐정상,18:25
250001100,11,일반형시내버스,평일,1,후평동종점,소양강댐정상,18:45
250001100,11,일반형시내버스,평일,1,후평동종점,소양강댐정상,19:20
250001100,11,일반형시내버스,평일,1,후평동종점,소양강댐정상,19:55
250001100,11,일반형시내버스,평일,1,후평동종점,소양강댐정상,20:45
250001100,11,일반형시내버스,평일,1,후평동종점,소양강댐정상,21:30
250001100,11,일반형시내버스,평일,1,후평동종점,소양강댐정상,22:00
250001100,11,일반형시내버스,평일,2,소양강댐정상,후평동종점,7:10
250001100,11,일반형시내버스,평일,2,소양강댐정상,후평동종점,7:40
250001100,11,일반형시내버스,평일,2,소양강댐정상,후평동종점,8:00
250001100,11,일반형시내버스,평일,2,소양강댐정상,후평동종점,8:30
250001100,11,일반형시내버스,평일,2,소양강댐정상,후평동종점,9:10
250001100,11,일반형시내버스,평일,2,소양강댐정상,후평동종점,9:50
250001100,11,일반형시내버스,평일,2,소양강댐정상,후평동종점,10:25
250001100,11,일반형시내버스,평일,2,소양강댐정상,후평동종점,10:55
250001100,11,일반형시내버스,평일,2,소양강댐정상,후평동종점,11:00
250001100,11,일반형시내버스,평일,2,소양강댐정상,후평동종점,11:50
250001100,11,일반형시내버스,평일,2,소양강댐정상,후평동종점,12:30
250001100,11,일반형시내버스,평일,2,소양강댐정상,후평동종점,13:10
250001100,11,일반형시내버스,평일,2,소양강댐정상,후평동종점,13:40
250001100,11,일반형시내버스,평일,2,소양강댐정상,후평동종점,14:00
250001100,11,일반형시내버스,평일,2,소양강댐정상,후평동종점,14:30
250001100,11,일반형시내버스,평일,2,소양강댐정상,후평동종점,15:10
250001100,11,일반형시내버스,평일,2,소양강댐정상,후평동종점,15:50
250001100,11,일반형시내버스,평일,2,소양강댐정상,후평동종점,16:25
250001100,11,일반형시내버스,평일,2,소양강댐정상,후평동종점,16:55
250001100,11,일반형시내버스,평일,2,소양강댐정상,후평동종점,17:10
250001100,11,일반형시내버스,평일,2,소양강댐정상,후평동종점,17:50
250001100,11,일반형시내버스,평일,2,소양강댐정상,후평동종점,18:30
250001100,11,일반형시내버스,평일,2,소양강댐정상,후평동종점,19:10
250001100,11,일반형시내버스,평일,2,소양강댐정상,후평동종점,19:40
250001100,11,일반형시내버스,평일,2,소양강댐정상,후평동종점,20:00
250001100,11,일반형시내버스,평일,2,소양강댐정상,후평동종점,20:35
250001100,11,일반형시내버스,평일,2,소양강댐정상,후평동종점,21:10
250001100,11,일반형시내버스,평일,2,소양강댐정상,후평동종점,21:50
250001100,11,일반형시내버스,평일,2,소양강댐정상,후평동종점,22:30
250001100,11,일반형시내버스,평일,2,소양강댐정상,후평동종점,22:50
250001100,11,일반형시내버스,휴일,1,후평동종점,소양강댐정상,5:55
250001100,11,일반형시내버스,휴일,1,후평동종점,소양강댐정상,6:25
250001100,11,일반형시내버스,휴일,1,후평동종점,소양강댐정상,6:45
250001100,11,일반형시내버스,휴일,1,후평동종점,소양강댐정상,7:15
250001100,11,일반형시내버스,휴일,1,후평동종점,소양강댐정상,7:55
250001100,11,일반형시내버스,휴일,1,후평동종점,소양강댐정상,8:35
250001100,11,일반형시내버스,휴일,1,후평동종점,소양강댐정상,9:10
250001100,11,일반형시내버스,휴일,1,후평동종점,소양강댐정상,9:35
250001100,11,일반형시내버스,휴일,1,후평동종점,소양강댐정상,9:55
250001100,11,일반형시내버스,휴일,1,후평동종점,소양강댐정상,10:35
250001100,11,일반형시내버스,휴일,1,후평동종점,소양강댐정상,11:15
250001100,11,일반형시내버스,휴일,1,후평동종점,소양강댐정상,11:55
250001100,11,일반형시내버스,휴일,1,후평동종점,소양강댐정상,12:25
250001100,11,일반형시내버스,휴일,1,후평동종점,소양강댐정상,12:45
250001100,11,일반형시내버스,휴일,1,후평동종점,소양강댐정상,13:15
250001100,11,일반형시내버스,휴일,1,후평동종점,소양강댐정상,13:55
250001100,11,일반형시내버스,휴일,1,후평동종점,소양강댐정상,14:35
250001100,11,일반형시내버스,휴일,1,후평동종점,소양강댐정상,15:10
250001100,11,일반형시내버스,휴일,1,후평동종점,소양강댐정상,15:35
250001100,11,일반형시내버스,휴일,1,후평동종점,소양강댐정상,16:20
250001100,11,일반형시내버스,휴일,1,후평동종점,소양강댐정상,17:00
250001100,11,일반형시내버스,휴일,1,후평동종점,소양강댐정상,17:55
250001100,11,일반형시내버스,휴일,1,후평동종점,소양강댐정상,18:25
250001100,11,일반형시내버스,휴일,1,후평동종점,소양강댐정상,18:45
250001100,11,일반형시내버스,휴일,1,후평동종점,소양강댐정상,19:20
250001100,11,일반형시내버스,휴일,1,후평동종점,소양강댐정상,19:55
250001100,11,일반형시내버스,휴일,1,후평동종점,소양강댐정상,20:45
250001100,11,일반형시내버스,휴일,1,후평동종점,소양강댐정상,21:30
250001100,11,일반형시내버스,휴일,1,후평동종점,소양강댐정상,22:50
250001101,11월 01일,일반형시내버스,평일,1,후평동종점,소양강댐정상,5:55
250001101,11월 01일,일반형시내버스,평일,1,후평동종점,소양강댐정상,6:25
250001101,11월 01일,일반형시내버스,평일,1,후평동종점,소양강댐정상,6:45
250001101,11월 01일,일반형시내버스,평일,1,후평동종점,소양강댐정상,7:55
250001101,11월 01일,일반형시내버스,평일,1,후평동종점,소양강댐정상,9:10
250001101,11월 01일,일반형시내버스,평일,1,후평동종점,소양강댐정상,9:55
250001101,11월 01일,일반형시내버스,평일,1,후평동종점,소양강댐정상,11:15
250001101,11월 01일,일반형시내버스,평일,1,후평동종점,소양강댐정상,12:25
250001101,11월 01일,일반형시내버스,평일,1,후평동종점,소양강댐정상,13:15
250001101,11월 01일,일반형시내버스,평일,1,후평동종점,소양강댐정상,14:35
250001101,11월 01일,일반형시내버스,평일,1,후평동종점,소양강댐정상,15:35
250001101,11월 01일,일반형시내버스,평일,1,후평동종점,소양강댐정상,16:35
250001101,11월 01일,일반형시내버스,평일,1,후평동종점,소양강댐정상,17:55
250001101,11월 01일,일반형시내버스,평일,1,후평동종점,소양강댐정상,18:45
250001101,11월 01일,일반형시내버스,평일,1,후평동종점,소양강댐정상,19:55
250001101,11월 01일,일반형시내버스,평일,1,후평동종점,소양강댐정상,21:30
250001101,11월 01일,일반형시내버스,평일,2,소양강댐정상,후평동종점,7:10
250001101,11월 01일,일반형시내버스,평일,2,소양강댐정상,후평동종점,7:40
250001101,11월 01일,일반형시내버스,평일,2,소양강댐정상,후평동종점,8:00
250001101,11월 01일,일반형시내버스,평일,2,소양강댐정상,후평동종점,9:10
250001101,11월 01일,일반형시내버스,평일,2,소양강댐정상,후평동종점,10:25
250001101,11월 01일,일반형시내버스,평일,2,소양강댐정상,후평동종점,11:10
250001101,11월 01일,일반형시내버스,평일,2,소양강댐정상,후평동종점,12:30
250001101,11월 01일,일반형시내버스,평일,2,소양강댐정상,후평동종점,13:40
250001101,11월 01일,일반형시내버스,평일,2,소양강댐정상,후평동종점,14:30
250001101,11월 01일,일반형시내버스,평일,2,소양강댐정상,후평동종점,15:50
250001101,11월 01일,일반형시내버스,평일,2,소양강댐정상,후평동종점,16:55
250001101,11월 01일,일반형시내버스,평일,2,소양강댐정상,후평동종점,17:50
250001101,11월 01일,일반형시내버스,평일,2,소양강댐정상,후평동종점,19:10
250001101,11월 01일,일반형시내버스,평일,2,소양강댐정상,후평동종점,20:00
250001101,11월 01일,일반형시내버스,평일,2,소양강댐정상,후평동종점,21:10
250001101,11월 01일,일반형시내버스,평일,2,소양강댐정상,후평동종점,22:30
250001200,12,일반형시내버스,토요일,1,상공회의소,소양강댐정상,5:35
250001200,12,일반형시내버스,토요일,1,상공회의소,소양강댐정상,6:10
250001200,12,일반형시내버스,토요일,1,상공회의소,소양강댐정상,7:00
250001200,12,일반형시내버스,토요일,1,상공회의소,소양강댐정상,8:00
250001200,12,일반형시내버스,토요일,1,상공회의소,소양강댐정상,8:50
250001200,12,일반형시내버스,토요일,1,상공회의소,소양강댐정상,9:40
250001200,12,일반형시내버스,토요일,1,상공회의소,소양강댐정상,10:40
250001200,12,일반형시내버스,토요일,1,상공회의소,소양강댐정상,11:30
250001200,12,일반형시내버스,토요일,1,상공회의소,소양강댐정상,12:20
250001200,12,일반형시내버스,토요일,1,상공회의소,소양강댐정상,13:20
250001200,12,일반형시내버스,토요일,1,상공회의소,소양강댐정상,14:10
250001200,12,일반형시내버스,토요일,1,상공회의소,소양강댐정상,15:00
250001200,12,일반형시내버스,토요일,1,상공회의소,소양강댐정상,16:00
250001200,12,일반형시내버스,토요일,1,상공회의소,소양강댐정상,16:50
250001200,12,일반형시내버스,토요일,1,상공회의소,소양강댐정상,17:40
250001200,12,일반형시내버스,토요일,1,상공회의소,소양강댐정상,18:40
250001200,12,일반형시내버스,토요일,1,상공회의소,소양강댐정상,19:30
250001200,12,일반형시내버스,토요일,1,상공회의소,소양강댐정상,20:20
250001200,12,일반형시내버스,토요일,2,소양강댐정상,상공회의소,6:00
250001200,12,일반형시내버스,토요일,2,소양강댐정상,상공회의소,6:30
250001200,12,일반형시내버스,토요일,2,소양강댐정상,상공회의소,7:20
250001200,12,일반형시내버스,토요일,2,소양강댐정상,상공회의소,8:10
250001200,12,일반형시내버스,토요일,2,소양강댐정상,상공회의소,9:00
250001200,12,일반형시내버스,토요일,2,소양강댐정상,상공회의소,10:00
250001200,12,일반형시내버스,토요일,2,소양강댐정상,상공회의소,10:40
250001200,12,일반형시내버스,토요일,2,소양강댐정상,상공회의소,11:40
250001200,12,일반형시내버스,토요일,2,소양강댐정상,상공회의소,12:40
250001200,12,일반형시내버스,토요일,2,소양강댐정상,상공회의소,13:20
250001200,12,일반형시내버스,토요일,2,소양강댐정상,상공회의소,14:20
250001200,12,일반형시내버스,토요일,2,소양강댐정상,상공회의소,15:20
250001200,12,일반형시내버스,토요일,2,소양강댐정상,상공회의소,16:00
250001200,12,일반형시내버스,토요일,2,소양강댐정상,상공회의소,17:00
250001200,12,일반형시내버스,토요일,2,소양강댐정상,상공회의소,18:00
250001200,12,일반형시내버스,토요일,2,소양강댐정상,상공회의소,18:40
250001200,12,일반형시내버스,토요일,2,소양강댐정상,상공회의소,19:50
250001200,12,일반형시내버스,토요일,2,소양강댐정상,상공회의소,20:20
250001200,12,일반형시내버스,토요일,2,소양강댐정상,상공회의소,21:20
250001200,12,일반형시내버스,평일,1,상공회의소,소양강댐정상,5:35
250001200,12,일반형시내버스,평일,1,상공회의소,소양강댐정상,6:10
250001200,12,일반형시내버스,평일,1,상공회의소,소양강댐정상,7:00
250001200,12,일반형시내버스,평일,1,상공회의소,소양강댐정상,8:00
250001200,12,일반형시내버스,평일,1,상공회의소,소양강댐정상,8:50
250001200,12,일반형시내버스,평일,1,상공회의소,소양강댐정상,9:40
250001200,12,일반형시내버스,평일,1,상공회의소,소양강댐정상,10:40
250001200,12,일반형시내버스,평일,1,상공회의소,소양강댐정상,11:30
250001200,12,일반형시내버스,평일,1,상공회의소,소양강댐정상,12:20
250001200,12,일반형시내버스,평일,1,상공회의소,소양강댐정상,13:20
250001200,12,일반형시내버스,평일,1,상공회의소,소양강댐정상,14:10
250001200,12,일반형시내버스,평일,1,상공회의소,소양강댐정상,15:00
250001200,12,일반형시내버스,평일,1,상공회의소,소양강댐정상,16:00
250001200,12,일반형시내버스,평일,1,상공회의소,소양강댐정상,16:20
250001200,12,일반형시내버스,평일,1,상공회의소,소양강댐정상,16:50
250001200,12,일반형시내버스,평일,1,상공회의소,소양강댐정상,17:40
250001200,12,일반형시내버스,평일,1,상공회의소,소양강댐정상,18:40
250001200,12,일반형시내버스,평일,1,상공회의소,소양강댐정상,19:30
250001200,12,일반형시내버스,평일,1,상공회의소,소양강댐정상,20:20
250001200,12,일반형시내버스,평일,2,소양강댐정상,상공회의소,6:00
250001200,12,일반형시내버스,평일,2,소양강댐정상,상공회의소,6:30
250001200,12,일반형시내버스,평일,2,소양강댐정상,상공회의소,7:20
250001200,12,일반형시내버스,평일,2,소양강댐정상,상공회의소,8:10
250001200,12,일반형시내버스,평일,2,소양강댐정상,상공회의소,9:00
250001200,12,일반형시내버스,평일,2,소양강댐정상,상공회의소,10:00
250001200,12,일반형시내버스,평일,2,소양강댐정상,상공회의소,10:40
250001200,12,일반형시내버스,평일,2,소양강댐정상,상공회의소,11:40
250001200,12,일반형시내버스,평일,2,소양강댐정상,상공회의소,12:40
250001200,12,일반형시내버스,평일,2,소양강댐정상,상공회의소,13:20
250001200,12,일반형시내버스,평일,2,소양강댐정상,상공회의소,14:20
250001200,12,일반형시내버스,평일,2,소양강댐정상,상공회의소,15:20
250001200,12,일반형시내버스,평일,2,소양강댐정상,상공회의소,16:00
250001200,12,일반형시내버스,평일,2,소양강댐정상,상공회의소,17:00
250001200,12,일반형시내버스,평일,2,소양강댐정상,상공회의소,18:00
250001200,12,일반형시내버스,평일,2,소양강댐정상,상공회의소,18:40
250001200,12,일반형시내버스,평일,2,소양강댐정상,상공회의소,19:50
250001200,12,일반형시내버스,평일,2,소양강댐정상,상공회의소,20:20
250001200,12,일반형시내버스,평일,2,소양강댐정상,상공회의소,21:20
250001200,12,일반형시내버스,휴일,1,상공회의소,소양강댐정상,5:35
250001200,12,일반형시내버스,휴일,1,상공회의소,소양강댐정상,5:35
250001200,12,일반형시내버스,휴일,1,상공회의소,소양강댐정상,6:10
250001200,12,일반형시내버스,휴일,1,상공회의소,소양강댐정상,7:00
250001200,12,일반형시내버스,휴일,1,상공회의소,소양강댐정상,8:00
250001200,12,일반형시내버스,휴일,1,상공회의소,소양강댐정상,8:50
250001200,12,일반형시내버스,휴일,1,상공회의소,소양강댐정상,9:40
250001200,12,일반형시내버스,휴일,1,상공회의소,소양강댐정상,10:40
250001200,12,일반형시내버스,휴일,1,상공회의소,소양강댐정상,11:30
250001200,12,일반형시내버스,휴일,1,상공회의소,소양강댐정상,12:20
250001200,12,일반형시내버스,휴일,1,상공회의소,소양강댐정상,13:20
250001200,12,일반형시내버스,휴일,1,상공회의소,소양강댐정상,14:10
250001200,12,일반형시내버스,휴일,1,상공회의소,소양강댐정상,15:00
250001200,12,일반형시내버스,휴일,1,상공회의소,소양강댐정상,16:00
250001200,12,일반형시내버스,휴일,1,상공회의소,소양강댐정상,16:50
250001200,12,일반형시내버스,휴일,1,상공회의소,소양강댐정상,17:40
250001200,12,일반형시내버스,휴일,1,상공회의소,소양강댐정상,18:40
250001200,12,일반형시내버스,휴일,1,상공회의소,소양강댐정상,19:30
250001200,12,일반형시내버스,휴일,1,상공회의소,소양강댐정상,20:20
250001200,12,일반형시내버스,휴일,2,소양강댐정상,상공회의소,6:00
250001200,12,일반형시내버스,휴일,2,소양강댐정상,상공회의소,6:30
250001200,12,일반형시내버스,휴일,2,소양강댐정상,상공회의소,7:20
250001200,12,일반형시내버스,휴일,2,소양강댐정상,상공회의소,8:10
250001200,12,일반형시내버스,휴일,2,소양강댐정상,상공회의소,9:00
250001200,12,일반형시내버스,휴일,2,소양강댐정상,상공회의소,10:00
250001200,12,일반형시내버스,휴일,2,소양강댐정상,상공회의소,10:40
250001200,12,일반형시내버스,휴일,2,소양강댐정상,상공회의소,11:40
250001200,12,일반형시내버스,휴일,2,소양강댐정상,상공회의소,12:40
250001200,12,일반형시내버스,휴일,2,소양강댐정상,상공회의소,13:20
250001200,12,일반형시내버스,휴일,2,소양강댐정상,상공회의소,14:20
250001200,12,일반형시내버스,휴일,2,소양강댐정상,상공회의소,15:20
250001200,12,일반형시내버스,휴일,2,소양강댐정상,상공회의소,16:00
250001200,12,일반형시내버스,휴일,2,소양강댐정상,상공회의소,17:00
250001200,12,일반형시내버스,휴일,2,소양강댐정상,상공회의소,18:00
250001200,12,일반형시내버스,휴일,2,소양강댐정상,상공회의소,18:40
250001200,12,일반형시내버스,휴일,2,소양강댐정상,상공회의소,19:50
250001200,12,일반형시내버스,휴일,2,소양강댐정상,상공회의소,20:20
250001200,12,일반형시내버스,휴일,2,소양강댐정상,상공회의소,21:20
250001201,12(갈때편도),일반형시내버스,평일,1,상공회의소,소양강댐정상,5:50
250001202,12-S,일반형시내버스,평일,1,소양강댐정상,춘천여고앞,6:30
250001300,13,일반형시내버스,토요일,1,후평동종점,윗샘밭종점,6:15
250001300,13,일반형시내버스,토요일,1,후평동종점,윗샘밭종점,6:15
250001300,13,일반형시내버스,토요일,1,후평동종점,윗샘밭종점,6:15
250001300,13,일반형시내버스,토요일,1,후평동종점,윗샘밭종점,6:15
250001300,13,일반형시내버스,토요일,1,후평동종점,윗샘밭종점,6:15
250001300,13,일반형시내버스,토요일,1,후평동종점,윗샘밭종점,6:15
250001300,13,일반형시내버스,토요일,1,후평동종점,윗샘밭종점,6:15
250001300,13,일반형시내버스,토요일,1,후평동종점,윗샘밭종점,6:55
250001300,13,일반형시내버스,토요일,1,후평동종점,윗샘밭종점,7:35
250001300,13,일반형시내버스,토요일,1,후평동종점,윗샘밭종점,8:15
250001300,13,일반형시내버스,토요일,1,후평동종점,윗샘밭종점,8:55
250001300,13,일반형시내버스,토요일,1,후평동종점,윗샘밭종점,9:35
250001300,13,일반형시내버스,토요일,1,후평동종점,윗샘밭종점,10:15
250001300,13,일반형시내버스,토요일,1,후평동종점,윗샘밭종점,10:55
250001300,13,일반형시내버스,토요일,1,후평동종점,윗샘밭종점,11:35
250001300,13,일반형시내버스,토요일,1,후평동종점,윗샘밭종점,12:15
250001300,13,일반형시내버스,토요일,1,후평동종점,윗샘밭종점,12:55
250001300,13,일반형시내버스,토요일,1,후평동종점,윗샘밭종점,13:35
250001300,13,일반형시내버스,토요일,1,후평동종점,윗샘밭종점,14:15
250001300,13,일반형시내버스,토요일,1,후평동종점,윗샘밭종점,14:55
250001300,13,일반형시내버스,토요일,1,후평동종점,윗샘밭종점,14:55
250001300,13,일반형시내버스,토요일,1,후평동종점,윗샘밭종점,15:35
250001300,13,일반형시내버스,토요일,1,후평동종점,윗샘밭종점,16:15
250001300,13,일반형시내버스,토요일,1,후평동종점,윗샘밭종점,16:15
250001300,13,일반형시내버스,토요일,1,후평동종점,윗샘밭종점,16:55
250001300,13,일반형시내버스,토요일,1,후평동종점,윗샘밭종점,17:35
250001300,13,일반형시내버스,토요일,1,후평동종점,윗샘밭종점,18:15
250001300,13,일반형시내버스,토요일,1,후평동종점,윗샘밭종점,18:55
250001300,13,일반형시내버스,토요일,1,후평동종점,윗샘밭종점,19:35
250001300,13,일반형시내버스,토요일,1,후평동종점,윗샘밭종점,20:15
250001300,13,일반형시내버스,토요일,1,후평동종점,윗샘밭종점,20:55
250001300,13,일반형시내버스,토요일,1,후평동종점,윗샘밭종점,21:55
250001300,13,일반형시내버스,토요일,2,윗샘밭종점,후평동종점,7:15
250001300,13,일반형시내버스,토요일,2,윗샘밭종점,후평동종점,7:15
250001300,13,일반형시내버스,토요일,2,윗샘밭종점,후평동종점,7:15
250001300,13,일반형시내버스,토요일,2,윗샘밭종점,후평동종점,7:55
250001300,13,일반형시내버스,토요일,2,윗샘밭종점,후평동종점,8:35
250001300,13,일반형시내버스,토요일,2,윗샘밭종점,후평동종점,9:15
250001300,13,일반형시내버스,토요일,2,윗샘밭종점,후평동종점,9:55
250001300,13,일반형시내버스,토요일,2,윗샘밭종점,후평동종점,10:35
250001300,13,일반형시내버스,토요일,2,윗샘밭종점,후평동종점,11:15
250001300,13,일반형시내버스,토요일,2,윗샘밭종점,후평동종점,11:55
250001300,13,일반형시내버스,토요일,2,윗샘밭종점,후평동종점,12:35
250001300,13,일반형시내버스,토요일,2,윗샘밭종점,후평동종점,13:15
250001300,13,일반형시내버스,토요일,2,윗샘밭종점,후평동종점,13:55
250001300,13,일반형시내버스,토요일,2,윗샘밭종점,후평동종점,14:35
250001300,13,일반형시내버스,토요일,2,윗샘밭종점,후평동종점,15:15
250001300,13,일반형시내버스,토요일,2,윗샘밭종점,후평동종점,15:55
250001300,13,일반형시내버스,토요일,2,윗샘밭종점,후평동종점,16:35
250001300,13,일반형시내버스,토요일,2,윗샘밭종점,후평동종점,17:15
250001300,13,일반형시내버스,토요일,2,윗샘밭종점,후평동종점,17:55
250001300,13,일반형시내버스,토요일,2,윗샘밭종점,후평동종점,18:35
250001300,13,일반형시내버스,토요일,2,윗샘밭종점,후평동종점,19:15
250001300,13,일반형시내버스,토요일,2,윗샘밭종점,후평동종점,19:55
250001300,13,일반형시내버스,토요일,2,윗샘밭종점,후평동종점,20:35
250001300,13,일반형시내버스,토요일,2,윗샘밭종점,후평동종점,21:15
250001300,13,일반형시내버스,토요일,2,윗샘밭종점,후평동종점,21:55
250001300,13,일반형시내버스,토요일,2,윗샘밭종점,후평동종점,22:35
250001300,13,일반형시내버스,평일,1,후평동종점,윗샘밭종점,5:30
250001300,13,일반형시내버스,평일,1,후평동종점,윗샘밭종점,6:00
250001300,13,일반형시내버스,평일,1,후평동종점,윗샘밭종점,6:35
250001300,13,일반형시내버스,평일,1,후평동종점,윗샘밭종점,7:40
250001300,13,일반형시내버스,평일,1,후평동종점,윗샘밭종점,8:10
250001300,13,일반형시내버스,평일,1,후평동종점,윗샘밭종점,8:40
250001300,13,일반형시내버스,평일,1,후평동종점,윗샘밭종점,9:15
250001300,13,일반형시내버스,평일,1,후평동종점,윗샘밭종점,9:45
250001300,13,일반형시내버스,평일,1,후평동종점,윗샘밭종점,10:20
250001300,13,일반형시내버스,평일,1,후평동종점,윗샘밭종점,10:50
250001300,13,일반형시내버스,평일,1,후평동종점,윗샘밭종점,11:20
250001300,13,일반형시내버스,평일,1,후평동종점,윗샘밭종점,11:55
250001300,13,일반형시내버스,평일,1,후평동종점,윗샘밭종점,12:25
250001300,13,일반형시내버스,평일,1,후평동종점,윗샘밭종점,13:00
250001300,13,일반형시내버스,평일,1,후평동종점,윗샘밭종점,13:30
250001300,13,일반형시내버스,평일,1,후평동종점,윗샘밭종점,14:00
250001300,13,일반형시내버스,평일,1,후평동종점,윗샘밭종점,14:35
250001300,13,일반형시내버스,평일,1,후평동종점,윗샘밭종점,15:05
250001300,13,일반형시내버스,평일,1,후평동종점,윗샘밭종점,15:40
250001300,13,일반형시내버스,평일,1,후평동종점,윗샘밭종점,16:10
250001300,13,일반형시내버스,평일,1,후평동종점,윗샘밭종점,16:40
250001300,13,일반형시내버스,평일,1,후평동종점,윗샘밭종점,17:15
250001300,13,일반형시내버스,평일,1,후평동종점,윗샘밭종점,17:45
250001300,13,일반형시내버스,평일,1,후평동종점,윗샘밭종점,18:20
250001300,13,일반형시내버스,평일,1,후평동종점,윗샘밭종점,18:50
250001300,13,일반형시내버스,평일,1,후평동종점,윗샘밭종점,19:20
250001300,13,일반형시내버스,평일,1,후평동종점,윗샘밭종점,19:55
250001300,13,일반형시내버스,평일,1,후평동종점,윗샘밭종점,20:25
250001300,13,일반형시내버스,평일,1,후평동종점,윗샘밭종점,21:00
250001300,13,일반형시내버스,평일,2,윗샘밭종점,후평동종점,6:35
250001300,13,일반형시내버스,평일,2,윗샘밭종점,후평동종점,7:40
250001300,13,일반형시내버스,평일,2,윗샘밭종점,후평동종점,8:10
250001300,13,일반형시내버스,평일,2,윗샘밭종점,후평동종점,8:45
250001300,13,일반형시내버스,평일,2,윗샘밭종점,후평동종점,9:15
250001300,13,일반형시내버스,평일,2,윗샘밭종점,후평동종점,9:45
250001300,13,일반형시내버스,평일,2,윗샘밭종점,후평동종점,10:20
250001300,13,일반형시내버스,평일,2,윗샘밭종점,후평동종점,10:50
250001300,13,일반형시내버스,평일,2,윗샘밭종점,후평동종점,11:25
250001300,13,일반형시내버스,평일,2,윗샘밭종점,후평동종점,11:55
250001300,13,일반형시내버스,평일,2,윗샘밭종점,후평동종점,12:25
250001300,13,일반형시내버스,평일,2,윗샘밭종점,후평동종점,13:00
250001300,13,일반형시내버스,평일,2,윗샘밭종점,후평동종점,13:30
250001300,13,일반형시내버스,평일,2,윗샘밭종점,후평동종점,14:05
250001300,13,일반형시내버스,평일,2,윗샘밭종점,후평동종점,14:35
250001300,13,일반형시내버스,평일,2,윗샘밭종점,후평동종점,15:05
250001300,13,일반형시내버스,평일,2,윗샘밭종점,후평동종점,15:40
250001300,13,일반형시내버스,평일,2,윗샘밭종점,후평동종점,16:10
250001300,13,일반형시내버스,평일,2,윗샘밭종점,후평동종점,16:45
250001300,13,일반형시내버스,평일,2,윗샘밭종점,후평동종점,17:15
250001300,13,일반형시내버스,평일,2,윗샘밭종점,후평동종점,17:45
250001300,13,일반형시내버스,평일,2,윗샘밭종점,후평동종점,18:20
250001300,13,일반형시내버스,평일,2,윗샘밭종점,후평동종점,18:50
250001300,13,일반형시내버스,평일,2,윗샘밭종점,후평동종점,19:25
250001300,13,일반형시내버스,평일,2,윗샘밭종점,후평동종점,19:55
250001300,13,일반형시내버스,평일,2,윗샘밭종점,후평동종점,20:25
250001300,13,일반형시내버스,평일,2,윗샘밭종점,후평동종점,21:00
250001300,13,일반형시내버스,평일,2,윗샘밭종점,후평동종점,21:30
250001300,13,일반형시내버스,평일,2,윗샘밭종점,후평동종점,22:05
250001304,13(갈때편도),일반형시내버스,토요일,1,후평동종점,윗샘밭종점,6:25
250001304,13(갈때편도),일반형시내버스,평일,1,후평동종점,윗샘밭종점,6:25
250001304,13(갈때편도),일반형시내버스,휴일,1,후평동종점,윗샘밭종점,6:25
250001301,13(소망마을경유),일반형시내버스,평일,1,후평동종점,윗샘밭종점,7:05
250001302,01월 13일,일반형시내버스,토요일,1,천년나무A,춘천농협,10:10
250001302,01월 13일,일반형시내버스,토요일,1,천년나무A,춘천농협,11:20
250001302,01월 13일,일반형시내버스,토요일,1,천년나무A,춘천농협,12:30
250001302,01월 13일,일반형시내버스,토요일,1,천년나무A,춘천농협,14:20
250001302,01월 13일,일반형시내버스,토요일,1,천년나무A,춘천농협,15:25
250001302,01월 13일,일반형시내버스,토요일,1,천년나무A,춘천농협,16:45
250001302,01월 13일,일반형시내버스,토요일,1,천년나무A,춘천농협,18:25
250001302,01월 13일,일반형시내버스,토요일,1,천년나무A,춘천농협,19:40
250001302,01월 13일,일반형시내버스,토요일,1,천년나무A,춘천농협,20:50
250001302,01월 13일,일반형시내버스,평일,1,천년나무A,춘천농협,10:10
250001302,01월 13일,일반형시내버스,평일,1,천년나무A,춘천농협,11:20
250001302,01월 13일,일반형시내버스,평일,1,천년나무A,춘천농협,12:30
250001302,01월 13일,일반형시내버스,평일,1,천년나무A,춘천농협,14:20
250001302,01월 13일,일반형시내버스,평일,1,천년나무A,춘천농협,15:25
250001302,01월 13일,일반형시내버스,평일,1,천년나무A,춘천농협,16:45
250001302,01월 13일,일반형시내버스,평일,1,천년나무A,춘천농협,18:25
250001302,01월 13일,일반형시내버스,평일,1,천년나무A,춘천농협,19:40
250001302,01월 13일,일반형시내버스,평일,1,천년나무A,춘천농협,20:50
250001302,01월 13일,일반형시내버스,휴일,1,천년나무A,춘천농협,10:10
250001302,01월 13일,일반형시내버스,휴일,1,천년나무A,춘천농협,11:20
250001302,01월 13일,일반형시내버스,휴일,1,천년나무A,춘천농협,12:30
250001302,01월 13일,일반형시내버스,휴일,1,천년나무A,춘천농협,14:20
250001302,01월 13일,일반형시내버스,휴일,1,천년나무A,춘천농협,15:25
250001302,01월 13일,일반형시내버스,휴일,1,천년나무A,춘천농협,16:45
250001302,01월 13일,일반형시내버스,휴일,1,천년나무A,춘천농협,18:25
250001302,01월 13일,일반형시내버스,휴일,1,천년나무A,춘천농협,19:40
250001302,01월 13일,일반형시내버스,휴일,1,천년나무A,춘천농협,20:50
250001305,13-S,일반형시내버스,평일,1,윗샘밭종점,춘천여고,7:05
250001400,14,일반형시내버스,토요일,1,후평동종점,국군춘천병원종점,7:20
250001400,14,일반형시내버스,토요일,1,후평동종점,국군춘천병원종점,10:00
250001400,14,일반형시내버스,토요일,1,후평동종점,국군춘천병원종점,13:25
250001400,14,일반형시내버스,토요일,1,후평동종점,국군춘천병원종점,16:20
250001400,14,일반형시내버스,토요일,1,후평동종점,국군춘천병원종점,19:30
250001400,14,일반형시내버스,토요일,2,국군춘천병원종점,후평동종점,6:00
250001400,14,일반형시내버스,토요일,2,국군춘천병원종점,후평동종점,8:30
250001400,14,일반형시내버스,토요일,2,국군춘천병원종점,후평동종점,11:10
250001400,14,일반형시내버스,토요일,2,국군춘천병원종점,후평동종점,14:40
250001400,14,일반형시내버스,토요일,2,국군춘천병원종점,후평동종점,17:40
250001400,14,일반형시내버스,토요일,2,국군춘천병원종점,후평동종점,20:35
250001400,14,일반형시내버스,평일,1,후평동종점,국군춘천병원종점,7:20
250001400,14,일반형시내버스,평일,1,후평동종점,국군춘천병원종점,10:00
250001400,14,일반형시내버스,평일,1,후평동종점,국군춘천병원종점,13:25
250001400,14,일반형시내버스,평일,1,후평동종점,국군춘천병원종점,16:20
250001400,14,일반형시내버스,평일,1,후평동종점,국군춘천병원종점,19:30
250001400,14,일반형시내버스,평일,2,국군춘천병원종점,후평동종점,6:00
250001400,14,일반형시내버스,평일,2,국군춘천병원종점,후평동종점,8:30
250001400,14,일반형시내버스,평일,2,국군춘천병원종점,후평동종점,11:10
250001400,14,일반형시내버스,평일,2,국군춘천병원종점,후평동종점,14:40
250001400,14,일반형시내버스,평일,2,국군춘천병원종점,후평동종점,17:40
250001400,14,일반형시내버스,평일,2,국군춘천병원종점,후평동종점,20:35
250001400,14,일반형시내버스,휴일,1,후평동종점,국군춘천병원종점,7:20
250001400,14,일반형시내버스,휴일,1,후평동종점,국군춘천병원종점,10:00
250001400,14,일반형시내버스,휴일,1,후평동종점,국군춘천병원종점,13:25
250001400,14,일반형시내버스,휴일,1,후평동종점,국군춘천병원종점,16:20
250001400,14,일반형시내버스,휴일,1,후평동종점,국군춘천병원종점,19:30
250001500,15,일반형시내버스,토요일,1,후평동종점,화물공영차고지,5:40
250001500,15,일반형시내버스,토요일,1,후평동종점,화물공영차고지,6:10
250001500,15,일반형시내버스,토요일,1,후평동종점,화물공영차고지,6:30
250001500,15,일반형시내버스,토요일,1,후평동종점,화물공영차고지,6:50
250001500,15,일반형시내버스,토요일,1,후평동종점,화물공영차고지,7:10
250001500,15,일반형시내버스,토요일,1,후평동종점,화물공영차고지,7:30
250001500,15,일반형시내버스,토요일,1,후평동종점,화물공영차고지,7:50
250001500,15,일반형시내버스,토요일,1,후평동종점,화물공영차고지,8:10
250001500,15,일반형시내버스,토요일,1,후평동종점,화물공영차고지,8:50
250001500,15,일반형시내버스,토요일,1,후평동종점,화물공영차고지,9:20
250001500,15,일반형시내버스,토요일,1,후평동종점,화물공영차고지,9:40
250001500,15,일반형시내버스,토요일,1,후평동종점,화물공영차고지,10:00
250001500,15,일반형시내버스,토요일,1,후평동종점,화물공영차고지,10:20
250001500,15,일반형시내버스,토요일,1,후평동종점,화물공영차고지,10:40
250001500,15,일반형시내버스,토요일,1,후평동종점,화물공영차고지,11:00
250001500,15,일반형시내버스,토요일,1,후평동종점,화물공영차고지,11:20
250001500,15,일반형시내버스,토요일,1,후평동종점,화물공영차고지,11:40
250001500,15,일반형시내버스,토요일,1,후평동종점,화물공영차고지,12:20
250001500,15,일반형시내버스,토요일,1,후평동종점,화물공영차고지,12:40
250001500,15,일반형시내버스,토요일,1,후평동종점,화물공영차고지,13:00
250001500,15,일반형시내버스,토요일,1,후평동종점,화물공영차고지,13:20
250001500,15,일반형시내버스,토요일,1,후평동종점,화물공영차고지,13:40
250001500,15,일반형시내버스,토요일,1,후평동종점,화물공영차고지,14:00
250001500,15,일반형시내버스,토요일,1,후평동종점,화물공영차고지,14:20
250001500,15,일반형시내버스,토요일,1,후평동종점,화물공영차고지,14:40
250001500,15,일반형시내버스,토요일,1,후평동종점,화물공영차고지,15:00
250001500,15,일반형시내버스,토요일,1,후평동종점,화물공영차고지,15:40
250001500,15,일반형시내버스,토요일,1,후평동종점,화물공영차고지,16:00
250001500,15,일반형시내버스,토요일,1,후평동종점,화물공영차고지,16:20
250001500,15,일반형시내버스,토요일,1,후평동종점,화물공영차고지,16:40
250001500,15,일반형시내버스,토요일,1,후평동종점,화물공영차고지,17:00
250001500,15,일반형시내버스,토요일,1,후평동종점,화물공영차고지,17:20
250001500,15,일반형시내버스,토요일,1,후평동종점,화물공영차고지,17:40
250001500,15,일반형시내버스,토요일,1,후평동종점,화물공영차고지,18:00
250001500,15,일반형시내버스,토요일,1,후평동종점,화물공영차고지,18:20
250001500,15,일반형시내버스,토요일,1,후평동종점,화물공영차고지,19:00
250001500,15,일반형시내버스,토요일,1,후평동종점,화물공영차고지,19:20
250001500,15,일반형시내버스,토요일,1,후평동종점,화물공영차고지,19:40
250001500,15,일반형시내버스,토요일,1,후평동종점,화물공영차고지,20:00
250001500,15,일반형시내버스,토요일,1,후평동종점,화물공영차고지,20:20
250001500,15,일반형시내버스,토요일,2,화물공영차고지,후평동종점,7:00
250001500,15,일반형시내버스,토요일,2,화물공영차고지,후평동종점,7:30
250001500,15,일반형시내버스,토요일,2,화물공영차고지,후평동종점,7:50
250001500,15,일반형시내버스,토요일,2,화물공영차고지,후평동종점,8:10
250001500,15,일반형시내버스,토요일,2,화물공영차고지,후평동종점,8:30
250001500,15,일반형시내버스,토요일,2,화물공영차고지,후평동종점,8:50
250001500,15,일반형시내버스,토요일,2,화물공영차고지,후평동종점,9:20
250001500,15,일반형시내버스,토요일,2,화물공영차고지,후평동종점,9:40
250001500,15,일반형시내버스,토요일,2,화물공영차고지,후평동종점,10:10
250001500,15,일반형시내버스,토요일,2,화물공영차고지,후평동종점,10:40
250001500,15,일반형시내버스,토요일,2,화물공영차고지,후평동종점,11:00
250001500,15,일반형시내버스,토요일,2,화물공영차고지,후평동종점,11:20
250001500,15,일반형시내버스,토요일,2,화물공영차고지,후평동종점,11:40
250001500,15,일반형시내버스,토요일,2,화물공영차고지,후평동종점,12:00
250001500,15,일반형시내버스,토요일,2,화물공영차고지,후평동종점,12:20
250001500,15,일반형시내버스,토요일,2,화물공영차고지,후평동종점,12:40
250001500,15,일반형시내버스,토요일,2,화물공영차고지,후평동종점,13:00
250001500,15,일반형시내버스,토요일,2,화물공영차고지,후평동종점,13:40
250001500,15,일반형시내버스,토요일,2,화물공영차고지,후평동종점,14:00
250001500,15,일반형시내버스,토요일,2,화물공영차고지,후평동종점,14:20
250001500,15,일반형시내버스,토요일,2,화물공영차고지,후평동종점,14:40
250001500,15,일반형시내버스,토요일,2,화물공영차고지,후평동종점,15:00
250001500,15,일반형시내버스,토요일,2,화물공영차고지,후평동종점,15:20
250001500,15,일반형시내버스,토요일,2,화물공영차고지,후평동종점,15:40
250001500,15,일반형시내버스,토요일,2,화물공영차고지,후평동종점,16:00
250001500,15,일반형시내버스,토요일,2,화물공영차고지,후평동종점,16:20
250001500,15,일반형시내버스,토요일,2,화물공영차고지,후평동종점,17:00
250001500,15,일반형시내버스,토요일,2,화물공영차고지,후평동종점,17:20
250001500,15,일반형시내버스,토요일,2,화물공영차고지,후평동종점,17:40
250001500,15,일반형시내버스,토요일,2,화물공영차고지,후평동종점,18:00
250001500,15,일반형시내버스,토요일,2,화물공영차고지,후평동종점,18:20
250001500,15,일반형시내버스,토요일,2,화물공영차고지,후평동종점,18:45
250001500,15,일반형시내버스,토요일,2,화물공영차고지,후평동종점,19:05
250001500,15,일반형시내버스,토요일,2,화물공영차고지,후평동종점,19:25
250001500,15,일반형시내버스,토요일,2,화물공영차고지,후평동종점,19:45
250001500,15,일반형시내버스,토요일,2,화물공영차고지,후평동종점,20:20
250001500,15,일반형시내버스,토요일,2,화물공영차고지,후평동종점,20:45
250001500,15,일반형시내버스,토요일,2,화물공영차고지,후평동종점,21:20
250001500,15,일반형시내버스,토요일,2,화물공영차고지,후평동종점,21:50
250001500,15,일반형시내버스,토요일,2,화물공영차고지,후평동종점,22:25
250001500,15,일반형시내버스,평일,1,후평동종점,화물공영차고지,5:40
250001500,15,일반형시내버스,평일,1,후평동종점,화물공영차고지,6:10
250001500,15,일반형시내버스,평일,1,후평동종점,화물공영차고지,6:30
250001500,15,일반형시내버스,평일,1,후평동종점,화물공영차고지,6:50
250001500,15,일반형시내버스,평일,1,후평동종점,화물공영차고지,7:10
250001500,15,일반형시내버스,평일,1,후평동종점,화물공영차고지,7:30
250001500,15,일반형시내버스,평일,1,후평동종점,화물공영차고지,7:50
250001500,15,일반형시내버스,평일,1,후평동종점,화물공영차고지,8:10
250001500,15,일반형시내버스,평일,1,후평동종점,화물공영차고지,8:30
250001500,15,일반형시내버스,평일,1,후평동종점,화물공영차고지,8:50
250001500,15,일반형시내버스,평일,1,후평동종점,화물공영차고지,9:20
250001500,15,일반형시내버스,평일,1,후평동종점,화물공영차고지,9:45
250001500,15,일반형시내버스,평일,1,후평동종점,화물공영차고지,10:10
250001500,15,일반형시내버스,평일,1,후평동종점,화물공영차고지,10:35
250001500,15,일반형시내버스,평일,1,후평동종점,화물공영차고지,10:55
250001500,15,일반형시내버스,평일,1,후평동종점,화물공영차고지,11:15
250001500,15,일반형시내버스,평일,1,후평동종점,화물공영차고지,11:40
250001500,15,일반형시내버스,평일,1,후평동종점,화물공영차고지,12:05
250001500,15,일반형시내버스,평일,1,후평동종점,화물공영차고지,12:30
250001500,15,일반형시내버스,평일,1,후평동종점,화물공영차고지,12:50
250001500,15,일반형시내버스,평일,1,후평동종점,화물공영차고지,13:20
250001500,15,일반형시내버스,평일,1,후평동종점,화물공영차고지,13:45
250001500,15,일반형시내버스,평일,1,후평동종점,화물공영차고지,14:10
250001500,15,일반형시내버스,평일,1,후평동종점,화물공영차고지,14:35
250001500,15,일반형시내버스,평일,1,후평동종점,화물공영차고지,15:00
250001500,15,일반형시내버스,평일,1,후평동종점,화물공영차고지,15:20
250001500,15,일반형시내버스,평일,1,후평동종점,화물공영차고지,15:40
250001500,15,일반형시내버스,평일,1,후평동종점,화물공영차고지,16:00
250001500,15,일반형시내버스,평일,1,후평동종점,화물공영차고지,16:20
250001500,15,일반형시내버스,평일,1,후평동종점,화물공영차고지,16:40
250001500,15,일반형시내버스,평일,1,후평동종점,화물공영차고지,17:00
250001500,15,일반형시내버스,평일,1,후평동종점,화물공영차고지,17:20
250001500,15,일반형시내버스,평일,1,후평동종점,화물공영차고지,17:40
250001500,15,일반형시내버스,평일,1,후평동종점,화물공영차고지,18:00
250001500,15,일반형시내버스,평일,1,후평동종점,화물공영차고지,18:20
250001500,15,일반형시내버스,평일,1,후평동종점,화물공영차고지,18:40
250001500,15,일반형시내버스,평일,1,후평동종점,화물공영차고지,19:00
250001500,15,일반형시내버스,평일,1,후평동종점,화물공영차고지,19:20
250001500,15,일반형시내버스,평일,1,후평동종점,화물공영차고지,19:40
250001500,15,일반형시내버스,평일,1,후평동종점,화물공영차고지,20:00
250001500,15,일반형시내버스,평일,1,후평동종점,화물공영차고지,20:25
250001500,15,일반형시내버스,평일,1,후평동종점,화물공영차고지,20:50
250001500,15,일반형시내버스,평일,1,후평동종점,화물공영차고지,21:15
250001500,15,일반형시내버스,평일,1,후평동종점,화물공영차고지,21:50
250001500,15,일반형시내버스,평일,2,화물공영차고지,후평동종점,7:00
250001500,15,일반형시내버스,평일,2,화물공영차고지,후평동종점,7:30
250001500,15,일반형시내버스,평일,2,화물공영차고지,후평동종점,7:50
250001500,15,일반형시내버스,평일,2,화물공영차고지,후평동종점,8:10
250001500,15,일반형시내버스,평일,2,화물공영차고지,후평동종점,8:30
250001500,15,일반형시내버스,평일,2,화물공영차고지,후평동종점,8:50
250001500,15,일반형시내버스,평일,2,화물공영차고지,후평동종점,9:10
250001500,15,일반형시내버스,평일,2,화물공영차고지,후평동종점,9:30
250001500,15,일반형시내버스,평일,2,화물공영차고지,후평동종점,9:50
250001500,15,일반형시내버스,평일,2,화물공영차고지,후평동종점,10:10
250001500,15,일반형시내버스,평일,2,화물공영차고지,후평동종점,10:40
250001500,15,일반형시내버스,평일,2,화물공영차고지,후평동종점,11:05
250001500,15,일반형시내버스,평일,2,화물공영차고지,후평동종점,11:30
250001500,15,일반형시내버스,평일,2,화물공영차고지,후평동종점,11:55
250001500,15,일반형시내버스,평일,2,화물공영차고지,후평동종점,12:15
250001500,15,일반형시내버스,평일,2,화물공영차고지,후평동종점,12:35
250001500,15,일반형시내버스,평일,2,화물공영차고지,후평동종점,13:00
250001500,15,일반형시내버스,평일,2,화물공영차고지,후평동종점,13:25
250001500,15,일반형시내버스,평일,2,화물공영차고지,후평동종점,13:50
250001500,15,일반형시내버스,평일,2,화물공영차고지,후평동종점,14:10
250001500,15,일반형시내버스,평일,2,화물공영차고지,후평동종점,14:40
250001500,15,일반형시내버스,평일,2,화물공영차고지,후평동종점,15:05
250001500,15,일반형시내버스,평일,2,화물공영차고지,후평동종점,15:30
250001500,15,일반형시내버스,평일,2,화물공영차고지,후평동종점,15:55
250001500,15,일반형시내버스,평일,2,화물공영차고지,후평동종점,16:20
250001500,15,일반형시내버스,평일,2,화물공영차고지,후평동종점,16:40
250001500,15,일반형시내버스,평일,2,화물공영차고지,후평동종점,17:00
250001500,15,일반형시내버스,평일,2,화물공영차고지,후평동종점,17:20
250001500,15,일반형시내버스,평일,2,화물공영차고지,후평동종점,17:40
250001500,15,일반형시내버스,평일,2,화물공영차고지,후평동종점,18:00
250001500,15,일반형시내버스,평일,2,화물공영차고지,후평동종점,18:20
250001500,15,일반형시내버스,평일,2,화물공영차고지,후평동종점,18:45
250001500,15,일반형시내버스,평일,2,화물공영차고지,후평동종점,19:05
250001500,15,일반형시내버스,평일,2,화물공영차고지,후평동종점,19:25
250001500,15,일반형시내버스,평일,2,화물공영차고지,후평동종점,19:45
250001500,15,일반형시내버스,평일,2,화물공영차고지,후평동종점,20:05
250001500,15,일반형시내버스,평일,2,화물공영차고지,후평동종점,20:20
250001500,15,일반형시내버스,평일,2,화물공영차고지,후평동종점,20:40
250001500,15,일반형시내버스,평일,2,화물공영차고지,후평동종점,20:40
250001500,15,일반형시내버스,평일,2,화물공영차고지,후평동종점,21:00
250001500,15,일반형시내버스,평일,2,화물공영차고지,후평동종점,21:20
250001500,15,일반형시내버스,평일,2,화물공영차고지,후평동종점,22:20
250001500,15,일반형시내버스,휴일,1,후평동종점,화물공영차고지,5:40
250001500,15,일반형시내버스,휴일,1,후평동종점,화물공영차고지,6:10
250001500,15,일반형시내버스,휴일,1,후평동종점,화물공영차고지,6:30
250001500,15,일반형시내버스,휴일,1,후평동종점,화물공영차고지,6:50
250001500,15,일반형시내버스,휴일,1,후평동종점,화물공영차고지,7:10
250001500,15,일반형시내버스,휴일,1,후평동종점,화물공영차고지,7:30
250001500,15,일반형시내버스,휴일,1,후평동종점,화물공영차고지,7:50
250001500,15,일반형시내버스,휴일,1,후평동종점,화물공영차고지,8:10
250001500,15,일반형시내버스,휴일,1,후평동종점,화물공영차고지,8:50
250001500,15,일반형시내버스,휴일,1,후평동종점,화물공영차고지,9:20
250001500,15,일반형시내버스,휴일,1,후평동종점,화물공영차고지,9:40
250001500,15,일반형시내버스,휴일,1,후평동종점,화물공영차고지,10:00
250001500,15,일반형시내버스,휴일,1,후평동종점,화물공영차고지,10:20
250001500,15,일반형시내버스,휴일,1,후평동종점,화물공영차고지,10:40
250001500,15,일반형시내버스,휴일,1,후평동종점,화물공영차고지,11:00
250001500,15,일반형시내버스,휴일,1,후평동종점,화물공영차고지,11:20
250001500,15,일반형시내버스,휴일,1,후평동종점,화물공영차고지,11:40
250001500,15,일반형시내버스,휴일,1,후평동종점,화물공영차고지,12:20
250001500,15,일반형시내버스,휴일,1,후평동종점,화물공영차고지,12:40
250001500,15,일반형시내버스,휴일,1,후평동종점,화물공영차고지,13:00
250001500,15,일반형시내버스,휴일,1,후평동종점,화물공영차고지,13:20
250001500,15,일반형시내버스,휴일,1,후평동종점,화물공영차고지,13:40
250001500,15,일반형시내버스,휴일,1,후평동종점,화물공영차고지,14:00
250001500,15,일반형시내버스,휴일,1,후평동종점,화물공영차고지,14:20
250001500,15,일반형시내버스,휴일,1,후평동종점,화물공영차고지,14:40
250001500,15,일반형시내버스,휴일,1,후평동종점,화물공영차고지,15:00
250001500,15,일반형시내버스,휴일,1,후평동종점,화물공영차고지,15:40
250001500,15,일반형시내버스,휴일,1,후평동종점,화물공영차고지,16:00
250001500,15,일반형시내버스,휴일,1,후평동종점,화물공영차고지,16:20
250001500,15,일반형시내버스,휴일,1,후평동종점,화물공영차고지,16:40
250001500,15,일반형시내버스,휴일,1,후평동종점,화물공영차고지,17:00
250001500,15,일반형시내버스,휴일,1,후평동종점,화물공영차고지,17:20
250001500,15,일반형시내버스,휴일,1,후평동종점,화물공영차고지,17:40
250001500,15,일반형시내버스,휴일,1,후평동종점,화물공영차고지,18:00
250001500,15,일반형시내버스,휴일,1,후평동종점,화물공영차고지,18:20
250001500,15,일반형시내버스,휴일,1,후평동종점,화물공영차고지,19:00
250001500,15,일반형시내버스,휴일,1,후평동종점,화물공영차고지,19:20
250001500,15,일반형시내버스,휴일,1,후평동종점,화물공영차고지,19:40
250001500,15,일반형시내버스,휴일,1,후평동종점,화물공영차고지,20:00
250001500,15,일반형시내버스,휴일,1,후평동종점,화물공영차고지,20:20
250001501,15(갈때편도),일반형시내버스,평일,1,후평동종점,화물공영차고지,5:40
250001502,15-S,일반형시내버스,평일,1,화물공영차고지,한림대학교,7:00
250001600,16,일반형시내버스,토요일,1,레고랜드차고지,칠전대우A,7:15
250001600,16,일반형시내버스,토요일,1,레고랜드차고지,칠전대우A,7:45
250001600,16,일반형시내버스,토요일,1,레고랜드차고지,칠전대우A,8:20
250001600,16,일반형시내버스,토요일,1,레고랜드차고지,칠전대우A,8:45
250001600,16,일반형시내버스,토요일,1,레고랜드차고지,칠전대우A,9:15
250001600,16,일반형시내버스,토요일,1,레고랜드차고지,칠전대우A,9:35
250001600,16,일반형시내버스,토요일,1,레고랜드차고지,칠전대우A,10:05
250001600,16,일반형시내버스,토요일,1,레고랜드차고지,칠전대우A,10:35
250001600,16,일반형시내버스,토요일,1,레고랜드차고지,칠전대우A,11:05
250001600,16,일반형시내버스,토요일,1,레고랜드차고지,칠전대우A,11:35
250001600,16,일반형시내버스,토요일,1,레고랜드차고지,칠전대우A,12:15
250001600,16,일반형시내버스,토요일,1,레고랜드차고지,칠전대우A,12:45
250001600,16,일반형시내버스,토요일,1,레고랜드차고지,칠전대우A,13:15
250001600,16,일반형시내버스,토요일,1,레고랜드차고지,칠전대우A,13:45
250001600,16,일반형시내버스,토요일,1,레고랜드차고지,칠전대우A,14:15
250001600,16,일반형시내버스,토요일,1,레고랜드차고지,칠전대우A,14:35
250001600,16,일반형시내버스,토요일,1,레고랜드차고지,칠전대우A,15:05
250001600,16,일반형시내버스,토요일,1,레고랜드차고지,칠전대우A,15:35
250001600,16,일반형시내버스,토요일,1,레고랜드차고지,칠전대우A,16:05
250001600,16,일반형시내버스,토요일,1,레고랜드차고지,칠전대우A,16:35
250001600,16,일반형시내버스,토요일,1,레고랜드차고지,칠전대우A,17:05
250001600,16,일반형시내버스,토요일,1,레고랜드차고지,칠전대우A,17:35
250001600,16,일반형시내버스,토요일,1,레고랜드차고지,칠전대우A,18:05
250001600,16,일반형시내버스,토요일,1,레고랜드차고지,칠전대우A,18:35
250001600,16,일반형시내버스,토요일,1,레고랜드차고지,칠전대우A,19:05
250001600,16,일반형시내버스,토요일,1,레고랜드차고지,칠전대우A,19:25
250001600,16,일반형시내버스,토요일,1,레고랜드차고지,칠전대우A,19:55
250001600,16,일반형시내버스,토요일,1,레고랜드차고지,칠전대우A,20:25
250001600,16,일반형시내버스,토요일,1,레고랜드차고지,칠전대우A,20:55
250001600,16,일반형시내버스,토요일,1,레고랜드차고지,칠전대우A,21:25
250001600,16,일반형시내버스,평일,1,레고랜드차고지,칠전대우A,7:15
250001600,16,일반형시내버스,평일,1,레고랜드차고지,칠전대우A,8:45
250001600,16,일반형시내버스,평일,1,레고랜드차고지,칠전대우A,9:15
250001600,16,일반형시내버스,평일,1,레고랜드차고지,칠전대우A,9:35
250001600,16,일반형시내버스,평일,1,레고랜드차고지,칠전대우A,11:05
250001600,16,일반형시내버스,평일,1,레고랜드차고지,칠전대우A,11:35
250001600,16,일반형시내버스,평일,1,레고랜드차고지,칠전대우A,12:15
250001600,16,일반형시내버스,평일,1,레고랜드차고지,칠전대우A,13:45
250001600,16,일반형시내버스,평일,1,레고랜드차고지,칠전대우A,14:15
250001600,16,일반형시내버스,평일,1,레고랜드차고지,칠전대우A,14:35
250001600,16,일반형시내버스,평일,1,레고랜드차고지,칠전대우A,16:05
250001600,16,일반형시내버스,평일,1,레고랜드차고지,칠전대우A,16:35
250001600,16,일반형시내버스,평일,1,레고랜드차고지,칠전대우A,17:05
250001600,16,일반형시내버스,평일,1,레고랜드차고지,칠전대우A,18:35
250001600,16,일반형시내버스,평일,1,레고랜드차고지,칠전대우A,19:05
250001600,16,일반형시내버스,평일,1,레고랜드차고지,칠전대우A,19:25
250001600,16,일반형시내버스,평일,1,레고랜드차고지,칠전대우A,20:55
250001600,16,일반형시내버스,평일,1,레고랜드차고지,칠전대우A,21:35
250001600,16,일반형시내버스,평일,2,칠전대우A,레고랜드차고지,8:05
250001600,16,일반형시내버스,평일,2,칠전대우A,레고랜드차고지,9:35
250001600,16,일반형시내버스,평일,2,칠전대우A,레고랜드차고지,10:05
250001600,16,일반형시내버스,평일,2,칠전대우A,레고랜드차고지,10:35
250001600,16,일반형시내버스,평일,2,칠전대우A,레고랜드차고지,12:05
250001600,16,일반형시내버스,평일,2,칠전대우A,레고랜드차고지,12:35
250001600,16,일반형시내버스,평일,2,칠전대우A,레고랜드차고지,13:05
250001600,16,일반형시내버스,평일,2,칠전대우A,레고랜드차고지,14:35
250001600,16,일반형시내버스,평일,2,칠전대우A,레고랜드차고지,15:05
250001600,16,일반형시내버스,평일,2,칠전대우A,레고랜드차고지,15:25
250001600,16,일반형시내버스,평일,2,칠전대우A,레고랜드차고지,16:55
250001600,16,일반형시내버스,평일,2,칠전대우A,레고랜드차고지,17:25
250001600,16,일반형시내버스,평일,2,칠전대우A,레고랜드차고지,17:55
250001600,16,일반형시내버스,평일,2,칠전대우A,레고랜드차고지,19:25
250001600,16,일반형시내버스,평일,2,칠전대우A,레고랜드차고지,19:55
250001600,16,일반형시내버스,평일,2,칠전대우A,레고랜드차고지,20:15
250001600,16,일반형시내버스,평일,2,칠전대우A,레고랜드차고지,21:45
250001600,16,일반형시내버스,평일,2,칠전대우A,레고랜드차고지,22:15
250001600,16,일반형시내버스,휴일,1,레고랜드차고지,칠전대우A,7:15
250001600,16,일반형시내버스,휴일,1,레고랜드차고지,칠전대우A,7:45
250001600,16,일반형시내버스,휴일,1,레고랜드차고지,칠전대우A,8:20
250001600,16,일반형시내버스,휴일,1,레고랜드차고지,칠전대우A,8:45
250001600,16,일반형시내버스,휴일,1,레고랜드차고지,칠전대우A,9:15
250001600,16,일반형시내버스,휴일,1,레고랜드차고지,칠전대우A,9:35
250001600,16,일반형시내버스,휴일,1,레고랜드차고지,칠전대우A,10:05
250001600,16,일반형시내버스,휴일,1,레고랜드차고지,칠전대우A,10:35
250001600,16,일반형시내버스,휴일,1,레고랜드차고지,칠전대우A,11:05
250001600,16,일반형시내버스,휴일,1,레고랜드차고지,칠전대우A,11:35
250001600,16,일반형시내버스,휴일,1,레고랜드차고지,칠전대우A,12:15
250001600,16,일반형시내버스,휴일,1,레고랜드차고지,칠전대우A,12:45
250001600,16,일반형시내버스,휴일,1,레고랜드차고지,칠전대우A,13:15
250001600,16,일반형시내버스,휴일,1,레고랜드차고지,칠전대우A,13:45
250001600,16,일반형시내버스,휴일,1,레고랜드차고지,칠전대우A,14:15
250001600,16,일반형시내버스,휴일,1,레고랜드차고지,칠전대우A,14:35
250001600,16,일반형시내버스,휴일,1,레고랜드차고지,칠전대우A,15:05
250001600,16,일반형시내버스,휴일,1,레고랜드차고지,칠전대우A,15:35
250001600,16,일반형시내버스,휴일,1,레고랜드차고지,칠전대우A,16:05
250001600,16,일반형시내버스,휴일,1,레고랜드차고지,칠전대우A,16:35
250001600,16,일반형시내버스,휴일,1,레고랜드차고지,칠전대우A,17:05
250001600,16,일반형시내버스,휴일,1,레고랜드차고지,칠전대우A,17:35
250001600,16,일반형시내버스,휴일,1,레고랜드차고지,칠전대우A,18:05
250001600,16,일반형시내버스,휴일,1,레고랜드차고지,칠전대우A,18:35
250001600,16,일반형시내버스,휴일,1,레고랜드차고지,칠전대우A,19:05
250001600,16,일반형시내버스,휴일,1,레고랜드차고지,칠전대우A,19:25
250001600,16,일반형시내버스,휴일,1,레고랜드차고지,칠전대우A,19:55
250001600,16,일반형시내버스,휴일,1,레고랜드차고지,칠전대우A,20:25
250001600,16,일반형시내버스,휴일,1,레고랜드차고지,칠전대우A,20:55
250001600,16,일반형시내버스,휴일,1,레고랜드차고지,칠전대우A,21:25
250001601,01월 16일,일반형시내버스,평일,1,레고랜드차고지,칠전대우A,7:35
250001601,01월 16일,일반형시내버스,평일,1,레고랜드차고지,칠전대우A,8:20
250001601,01월 16일,일반형시내버스,평일,1,레고랜드차고지,칠전대우A,10:05
250001601,01월 16일,일반형시내버스,평일,1,레고랜드차고지,칠전대우A,10:35
250001601,01월 16일,일반형시내버스,평일,1,레고랜드차고지,칠전대우A,12:45
250001601,01월 16일,일반형시내버스,평일,1,레고랜드차고지,칠전대우A,13:15
250001601,01월 16일,일반형시내버스,평일,1,레고랜드차고지,칠전대우A,15:05
250001601,01월 16일,일반형시내버스,평일,1,레고랜드차고지,칠전대우A,15:35
250001601,01월 16일,일반형시내버스,평일,1,레고랜드차고지,칠전대우A,17:35
250001601,01월 16일,일반형시내버스,평일,1,레고랜드차고지,칠전대우A,18:05
250001601,01월 16일,일반형시내버스,평일,1,레고랜드차고지,칠전대우A,19:55
250001601,01월 16일,일반형시내버스,평일,1,레고랜드차고지,칠전대우A,20:25
250001601,01월 16일,일반형시내버스,평일,2,칠전대우A,레고랜드차고지,8:25
250001601,01월 16일,일반형시내버스,평일,2,칠전대우A,레고랜드차고지,9:10
250001601,01월 16일,일반형시내버스,평일,2,칠전대우A,레고랜드차고지,11:05
250001601,01월 16일,일반형시내버스,평일,2,칠전대우A,레고랜드차고지,11:35
250001601,01월 16일,일반형시내버스,평일,2,칠전대우A,레고랜드차고지,13:35
250001601,01월 16일,일반형시내버스,평일,2,칠전대우A,레고랜드차고지,14:05
250001601,01월 16일,일반형시내버스,평일,2,칠전대우A,레고랜드차고지,15:55
250001601,01월 16일,일반형시내버스,평일,2,칠전대우A,레고랜드차고지,16:25
250001601,01월 16일,일반형시내버스,평일,2,칠전대우A,레고랜드차고지,18:25
250001601,01월 16일,일반형시내버스,평일,2,칠전대우A,레고랜드차고지,18:55
250001601,01월 16일,일반형시내버스,평일,2,칠전대우A,레고랜드차고지,20:45
250001601,01월 16일,일반형시내버스,평일,2,칠전대우A,레고랜드차고지,21:15
250001700,17,일반형시내버스,평일,1,상공회의소,남춘천역,7:30
250001700,17,일반형시내버스,평일,1,상공회의소,남춘천역,9:40
250001700,17,일반형시내버스,평일,1,상공회의소,남춘천역,11:40
250001700,17,일반형시내버스,평일,1,상공회의소,남춘천역,13:50
250001700,17,일반형시내버스,평일,1,상공회의소,남춘천역,15:55
250001700,17,일반형시내버스,평일,1,상공회의소,남춘천역,16:30
250001700,17,일반형시내버스,평일,1,상공회의소,남춘천역,18:05
250001700,17,일반형시내버스,평일,1,상공회의소,남춘천역,18:40
250001700,17,일반형시내버스,평일,1,상공회의소,남춘천역,20:15
250001700,17,일반형시내버스,평일,1,상공회의소,남춘천역,20:40
250001700,17,일반형시내버스,평일,1,상공회의소,남춘천역,22:15
250001700,17,일반형시내버스,평일,1,상공회의소,남춘천역,22:30
250001700,17,일반형시내버스,평일,2,남춘천역,상공회의소,8:20
250001700,17,일반형시내버스,평일,2,남춘천역,상공회의소,10:10
250001700,17,일반형시내버스,평일,2,남춘천역,상공회의소,10:25
250001700,17,일반형시내버스,평일,2,남춘천역,상공회의소,12:30
250001700,17,일반형시내버스,평일,2,남춘천역,상공회의소,14:40
250001700,17,일반형시내버스,평일,2,남춘천역,상공회의소,16:45
250001700,17,일반형시내버스,평일,2,남춘천역,상공회의소,17:15
250001700,17,일반형시내버스,평일,2,남춘천역,상공회의소,18:55
250001700,17,일반형시내버스,평일,2,남춘천역,상공회의소,19:30
250001700,17,일반형시내버스,평일,2,남춘천역,상공회의소,21:05
250001700,17,일반형시내버스,평일,2,남춘천역,상공회의소,21:25
250001700,17,일반형시내버스,평일,2,남춘천역,상공회의소,23:00
250001700,17,일반형시내버스,평일,2,남춘천역,상공회의소,23:10
250001800,18,일반형시내버스,평일,1,상공회의소,국립춘천숲체원,10:00
250001800,18,일반형시내버스,평일,1,상공회의소,국립춘천숲체원,14:15
250001800,18,일반형시내버스,평일,2,국립춘천숲체원,상공회의소,10:50
250001800,18,일반형시내버스,평일,2,국립춘천숲체원,상공회의소,15:05
250001900,19,일반형시내버스,평일,1,춘천여고,춘천역,16:40
250000200,2,일반형시내버스,토요일,1,상공회의소,현진에버빌1차,6:00
250000200,2,일반형시내버스,토요일,1,상공회의소,현진에버빌1차,6:35
250000200,2,일반형시내버스,토요일,1,상공회의소,현진에버빌1차,7:10
250000200,2,일반형시내버스,토요일,1,상공회의소,현진에버빌1차,7:45
250000200,2,일반형시내버스,토요일,1,상공회의소,현진에버빌1차,8:20
250000200,2,일반형시내버스,토요일,1,상공회의소,현진에버빌1차,8:40
250000200,2,일반형시내버스,토요일,1,상공회의소,현진에버빌1차,9:15
250000200,2,일반형시내버스,토요일,1,상공회의소,현진에버빌1차,9:50
250000200,2,일반형시내버스,토요일,1,상공회의소,현진에버빌1차,10:25
250000200,2,일반형시내버스,토요일,1,상공회의소,현진에버빌1차,11:00
250000200,2,일반형시내버스,토요일,1,상공회의소,현진에버빌1차,11:20
250000200,2,일반형시내버스,토요일,1,상공회의소,현진에버빌1차,11:55
250000200,2,일반형시내버스,토요일,1,상공회의소,현진에버빌1차,12:30
250000200,2,일반형시내버스,토요일,1,상공회의소,현진에버빌1차,13:05
250000200,2,일반형시내버스,토요일,1,상공회의소,현진에버빌1차,13:40
250000200,2,일반형시내버스,토요일,1,상공회의소,현진에버빌1차,14:00
250000200,2,일반형시내버스,토요일,1,상공회의소,현진에버빌1차,14:35
250000200,2,일반형시내버스,토요일,1,상공회의소,현진에버빌1차,15:10
250000200,2,일반형시내버스,토요일,1,상공회의소,현진에버빌1차,15:45
250000200,2,일반형시내버스,토요일,1,상공회의소,현진에버빌1차,16:20
250000200,2,일반형시내버스,토요일,1,상공회의소,현진에버빌1차,16:40
250000200,2,일반형시내버스,토요일,1,상공회의소,현진에버빌1차,17:15
250000200,2,일반형시내버스,토요일,1,상공회의소,현진에버빌1차,17:50
250000200,2,일반형시내버스,토요일,1,상공회의소,현진에버빌1차,17:55
250000200,2,일반형시내버스,토요일,1,상공회의소,현진에버빌1차,18:25
250000200,2,일반형시내버스,토요일,1,상공회의소,현진에버빌1차,19:00
250000200,2,일반형시내버스,토요일,1,상공회의소,현진에버빌1차,19:20
250000200,2,일반형시내버스,토요일,1,상공회의소,현진에버빌1차,20:30
250000200,2,일반형시내버스,토요일,1,상공회의소,현진에버빌1차,21:05
250000200,2,일반형시내버스,토요일,1,상공회의소,현진에버빌1차,21:40
250000200,2,일반형시내버스,평일,1,상공회의소,현진에버빌1차,6:00
250000200,2,일반형시내버스,평일,1,상공회의소,현진에버빌1차,6:55
250000200,2,일반형시내버스,평일,1,상공회의소,현진에버빌1차,7:15
250000200,2,일반형시내버스,평일,1,상공회의소,현진에버빌1차,7:35
250000200,2,일반형시내버스,평일,1,상공회의소,현진에버빌1차,7:55
250000200,2,일반형시내버스,평일,1,상공회의소,현진에버빌1차,8:15
250000200,2,일반형시내버스,평일,1,상공회의소,현진에버빌1차,8:35
250000200,2,일반형시내버스,평일,1,상공회의소,현진에버빌1차,8:55
250000200,2,일반형시내버스,평일,1,상공회의소,현진에버빌1차,9:30
250000200,2,일반형시내버스,평일,1,상공회의소,현진에버빌1차,10:00
250000200,2,일반형시내버스,평일,1,상공회의소,현진에버빌1차,10:30
250000200,2,일반형시내버스,평일,1,상공회의소,현진에버빌1차,11:00
250000200,2,일반형시내버스,평일,1,상공회의소,현진에버빌1차,11:30
250000200,2,일반형시내버스,평일,1,상공회의소,현진에버빌1차,11:55
250000200,2,일반형시내버스,평일,1,상공회의소,현진에버빌1차,12:15
250000200,2,일반형시내버스,평일,1,상공회의소,현진에버빌1차,12:35
250000200,2,일반형시내버스,평일,1,상공회의소,현진에버빌1차,12:55
250000200,2,일반형시내버스,평일,1,상공회의소,현진에버빌1차,13:15
250000200,2,일반형시내버스,평일,1,상공회의소,현진에버빌1차,13:35
250000200,2,일반형시내버스,평일,1,상공회의소,현진에버빌1차,13:55
250000200,2,일반형시내버스,평일,1,상공회의소,현진에버빌1차,14:30
250000200,2,일반형시내버스,평일,1,상공회의소,현진에버빌1차,14:55
250000200,2,일반형시내버스,평일,1,상공회의소,현진에버빌1차,15:15
250000200,2,일반형시내버스,평일,1,상공회의소,현진에버빌1차,15:35
250000200,2,일반형시내버스,평일,1,상공회의소,현진에버빌1차,15:55
250000200,2,일반형시내버스,평일,1,상공회의소,현진에버빌1차,16:15
250000200,2,일반형시내버스,평일,1,상공회의소,현진에버빌1차,16:35
250000200,2,일반형시내버스,평일,1,상공회의소,현진에버빌1차,16:55
250000200,2,일반형시내버스,평일,1,상공회의소,현진에버빌1차,17:25
250000200,2,일반형시내버스,평일,1,상공회의소,현진에버빌1차,17:55
250000200,2,일반형시내버스,평일,1,상공회의소,현진에버빌1차,18:15
250000200,2,일반형시내버스,평일,1,상공회의소,현진에버빌1차,18:35
250000200,2,일반형시내버스,평일,1,상공회의소,현진에버빌1차,18:55
250000200,2,일반형시내버스,평일,1,상공회의소,현진에버빌1차,19:15
250000200,2,일반형시내버스,평일,1,상공회의소,현진에버빌1차,19:35
250000200,2,일반형시내버스,평일,1,상공회의소,현진에버빌1차,19:55
250000200,2,일반형시내버스,평일,1,상공회의소,현진에버빌1차,20:15
250000200,2,일반형시내버스,평일,1,상공회의소,현진에버빌1차,20:35
250000200,2,일반형시내버스,평일,1,상공회의소,현진에버빌1차,21:00
250000200,2,일반형시내버스,평일,1,상공회의소,현진에버빌1차,21:35
250000200,2,일반형시내버스,휴일,1,상공회의소,현진에버빌1차,6:00
250000200,2,일반형시내버스,휴일,1,상공회의소,현진에버빌1차,6:55
250000200,2,일반형시내버스,휴일,1,상공회의소,현진에버빌1차,7:15
250000200,2,일반형시내버스,휴일,1,상공회의소,현진에버빌1차,7:35
250000200,2,일반형시내버스,휴일,1,상공회의소,현진에버빌1차,7:55
250000200,2,일반형시내버스,휴일,1,상공회의소,현진에버빌1차,8:15
250000200,2,일반형시내버스,휴일,1,상공회의소,현진에버빌1차,8:35
250000200,2,일반형시내버스,휴일,1,상공회의소,현진에버빌1차,8:55
250000200,2,일반형시내버스,휴일,1,상공회의소,현진에버빌1차,9:30
250000200,2,일반형시내버스,휴일,1,상공회의소,현진에버빌1차,10:00
250000200,2,일반형시내버스,휴일,1,상공회의소,현진에버빌1차,10:30
250000200,2,일반형시내버스,휴일,1,상공회의소,현진에버빌1차,11:00
250000200,2,일반형시내버스,휴일,1,상공회의소,현진에버빌1차,11:30
250000200,2,일반형시내버스,휴일,1,상공회의소,현진에버빌1차,11:55
250000200,2,일반형시내버스,휴일,1,상공회의소,현진에버빌1차,12:15
250000200,2,일반형시내버스,휴일,1,상공회의소,현진에버빌1차,12:35
250000200,2,일반형시내버스,휴일,1,상공회의소,현진에버빌1차,12:55
250000200,2,일반형시내버스,휴일,1,상공회의소,현진에버빌1차,13:15
250000200,2,일반형시내버스,휴일,1,상공회의소,현진에버빌1차,13:35
250000200,2,일반형시내버스,휴일,1,상공회의소,현진에버빌1차,13:55
250000200,2,일반형시내버스,휴일,1,상공회의소,현진에버빌1차,14:30
250000200,2,일반형시내버스,휴일,1,상공회의소,현진에버빌1차,14:55
250000200,2,일반형시내버스,휴일,1,상공회의소,현진에버빌1차,15:15
250000200,2,일반형시내버스,휴일,1,상공회의소,현진에버빌1차,15:35
250000200,2,일반형시내버스,휴일,1,상공회의소,현진에버빌1차,15:55
250000200,2,일반형시내버스,휴일,1,상공회의소,현진에버빌1차,16:15
250000200,2,일반형시내버스,휴일,1,상공회의소,현진에버빌1차,16:35
250000200,2,일반형시내버스,휴일,1,상공회의소,현진에버빌1차,16:55
250000200,2,일반형시내버스,휴일,1,상공회의소,현진에버빌1차,17:25
250000200,2,일반형시내버스,휴일,1,상공회의소,현진에버빌1차,17:55
250000200,2,일반형시내버스,휴일,1,상공회의소,현진에버빌1차,18:15
250000200,2,일반형시내버스,휴일,1,상공회의소,현진에버빌1차,18:35
250000200,2,일반형시내버스,휴일,1,상공회의소,현진에버빌1차,18:55
250000200,2,일반형시내버스,휴일,1,상공회의소,현진에버빌1차,19:15
250000200,2,일반형시내버스,휴일,1,상공회의소,현진에버빌1차,19:35
250000200,2,일반형시내버스,휴일,1,상공회의소,현진에버빌1차,19:55
250000200,2,일반형시내버스,휴일,1,상공회의소,현진에버빌1차,20:15
250000200,2,일반형시내버스,휴일,1,상공회의소,현진에버빌1차,20:35
250000200,2,일반형시내버스,휴일,1,상공회의소,현진에버빌1차,21:00
250000200,2,일반형시내버스,휴일,1,상공회의소,현진에버빌1차,21:35
250002000,20,일반형시내버스,평일,1,인성병원,레고랜드정문,9:00
250020000,200,일반형시내버스,토요일,1,후평동종점,상공회의소,5:35
250020000,200,일반형시내버스,토요일,1,후평동종점,상공회의소,6:15
250020000,200,일반형시내버스,토요일,1,후평동종점,상공회의소,7:00
250020000,200,일반형시내버스,토요일,1,후평동종점,상공회의소,7:45
250020000,200,일반형시내버스,토요일,1,후평동종점,상공회의소,8:25
250020000,200,일반형시내버스,토요일,1,후평동종점,상공회의소,9:10
250020000,200,일반형시내버스,토요일,1,후평동종점,상공회의소,9:35
250020000,200,일반형시내버스,토요일,1,후평동종점,상공회의소,9:55
250020000,200,일반형시내버스,토요일,1,후평동종점,상공회의소,10:35
250020000,200,일반형시내버스,토요일,1,후평동종점,상공회의소,11:20
250020000,200,일반형시내버스,토요일,1,후평동종점,상공회의소,12:05
250020000,200,일반형시내버스,토요일,1,후평동종점,상공회의소,12:45
250020000,200,일반형시내버스,토요일,1,후평동종점,상공회의소,13:30
250020000,200,일반형시내버스,토요일,1,후평동종점,상공회의소,14:15
250020000,200,일반형시내버스,토요일,1,후평동종점,상공회의소,14:55
250020000,200,일반형시내버스,토요일,1,후평동종점,상공회의소,15:40
250020000,200,일반형시내버스,토요일,1,후평동종점,상공회의소,16:25
250020000,200,일반형시내버스,토요일,1,후평동종점,상공회의소,16:50
250020000,200,일반형시내버스,토요일,1,후평동종점,상공회의소,17:05
250020000,200,일반형시내버스,토요일,1,후평동종점,상공회의소,17:50
250020000,200,일반형시내버스,토요일,1,후평동종점,상공회의소,18:35
250020000,200,일반형시내버스,토요일,1,후평동종점,상공회의소,19:15
250020000,200,일반형시내버스,토요일,1,후평동종점,상공회의소,20:00
250020000,200,일반형시내버스,토요일,1,후평동종점,상공회의소,20:45
250020000,200,일반형시내버스,토요일,1,후평동종점,상공회의소,21:00
250020000,200,일반형시내버스,토요일,1,후평동종점,상공회의소,21:25
250020000,200,일반형시내버스,토요일,1,후평동종점,상공회의소,22:10
250020000,200,일반형시내버스,평일,1,후평동종점,상공회의소,5:30
250020000,200,일반형시내버스,평일,1,후평동종점,상공회의소,6:00
250020000,200,일반형시내버스,평일,1,후평동종점,상공회의소,7:00
250020000,200,일반형시내버스,평일,1,후평동종점,상공회의소,7:20
250020000,200,일반형시내버스,평일,1,후평동종점,상공회의소,7:50
250020000,200,일반형시내버스,평일,1,후평동종점,상공회의소,8:10
250020000,200,일반형시내버스,평일,1,후평동종점,상공회의소,8:40
250020000,200,일반형시내버스,평일,1,후평동종점,상공회의소,9:10
250020000,200,일반형시내버스,평일,1,후평동종점,상공회의소,9:30
250020000,200,일반형시내버스,평일,1,후평동종점,상공회의소,9:45
250020000,200,일반형시내버스,평일,1,후평동종점,상공회의소,10:00
250020000,200,일반형시내버스,평일,1,후평동종점,상공회의소,10:30
250020000,200,일반형시내버스,평일,1,후평동종점,상공회의소,11:00
250020000,200,일반형시내버스,평일,1,후평동종점,상공회의소,11:30
250020000,200,일반형시내버스,평일,1,후평동종점,상공회의소,12:00
250020000,200,일반형시내버스,평일,1,후평동종점,상공회의소,12:20
250020000,200,일반형시내버스,평일,1,후평동종점,상공회의소,12:40
250020000,200,일반형시내버스,평일,1,후평동종점,상공회의소,13:00
250020000,200,일반형시내버스,평일,1,후평동종점,상공회의소,13:40
250020000,200,일반형시내버스,평일,1,후평동종점,상공회의소,14:00
250020000,200,일반형시내버스,평일,1,후평동종점,상공회의소,14:30
250020000,200,일반형시내버스,평일,1,후평동종점,상공회의소,15:00
250020000,200,일반형시내버스,평일,1,후평동종점,상공회의소,15:35
250020000,200,일반형시내버스,평일,1,후평동종점,상공회의소,16:10
250020000,200,일반형시내버스,평일,1,후평동종점,상공회의소,16:35
250020000,200,일반형시내버스,평일,1,후평동종점,상공회의소,16:50
250020000,200,일반형시내버스,평일,1,후평동종점,상공회의소,17:10
250020000,200,일반형시내버스,평일,1,후평동종점,상공회의소,17:30
250020000,200,일반형시내버스,평일,1,후평동종점,상공회의소,18:00
250020000,200,일반형시내버스,평일,1,후평동종점,상공회의소,18:20
250020000,200,일반형시내버스,평일,1,후평동종점,상공회의소,19:00
250020000,200,일반형시내버스,평일,1,후평동종점,상공회의소,19:30
250020000,200,일반형시내버스,평일,1,후평동종점,상공회의소,20:00
250020000,200,일반형시내버스,평일,1,후평동종점,상공회의소,20:30
250020000,200,일반형시내버스,평일,1,후평동종점,상공회의소,20:45
250020000,200,일반형시내버스,평일,1,후평동종점,상공회의소,21:00
250020000,200,일반형시내버스,평일,1,후평동종점,상공회의소,21:40
250020000,200,일반형시내버스,평일,1,후평동종점,상공회의소,22:20
250020001,200-1,일반형시내버스,토요일,1,상공회의소,후평동종점,5:35
250020001,200-1,일반형시내버스,토요일,1,상공회의소,후평동종점,6:15
250020001,200-1,일반형시내버스,토요일,1,상공회의소,후평동종점,7:00
250020001,200-1,일반형시내버스,토요일,1,상공회의소,후평동종점,7:45
250020001,200-1,일반형시내버스,토요일,1,상공회의소,후평동종점,8:25
250020001,200-1,일반형시내버스,토요일,1,상공회의소,후평동종점,9:10
250020001,200-1,일반형시내버스,토요일,1,상공회의소,후평동종점,9:55
250020001,200-1,일반형시내버스,토요일,1,상공회의소,후평동종점,10:35
250020001,200-1,일반형시내버스,토요일,1,상공회의소,후평동종점,11:20
250020001,200-1,일반형시내버스,토요일,1,상공회의소,후평동종점,12:05
250020001,200-1,일반형시내버스,토요일,1,상공회의소,후평동종점,12:45
250020001,200-1,일반형시내버스,토요일,1,상공회의소,후평동종점,13:30
250020001,200-1,일반형시내버스,토요일,1,상공회의소,후평동종점,14:15
250020001,200-1,일반형시내버스,토요일,1,상공회의소,후평동종점,14:55
250020001,200-1,일반형시내버스,토요일,1,상공회의소,후평동종점,15:40
250020001,200-1,일반형시내버스,토요일,1,상공회의소,후평동종점,16:25
250020001,200-1,일반형시내버스,토요일,1,상공회의소,후평동종점,17:05
250020001,200-1,일반형시내버스,토요일,1,상공회의소,후평동종점,17:50
250020001,200-1,일반형시내버스,토요일,1,상공회의소,후평동종점,18:35
250020001,200-1,일반형시내버스,토요일,1,상공회의소,후평동종점,19:15
250020001,200-1,일반형시내버스,토요일,1,상공회의소,후평동종점,20:00
250020001,200-1,일반형시내버스,토요일,1,상공회의소,후평동종점,20:45
250020001,200-1,일반형시내버스,토요일,1,상공회의소,후평동종점,21:25
250020001,200-1,일반형시내버스,토요일,1,상공회의소,후평동종점,22:10
250020001,200-1,일반형시내버스,평일,1,상공회의소,후평동종점,5:30
250020001,200-1,일반형시내버스,평일,1,상공회의소,후평동종점,6:00
250020001,200-1,일반형시내버스,평일,1,상공회의소,후평동종점,6:30
250020001,200-1,일반형시내버스,평일,1,상공회의소,후평동종점,7:00
250020001,200-1,일반형시내버스,평일,1,상공회의소,후평동종점,7:20
250020001,200-1,일반형시내버스,평일,1,상공회의소,후평동종점,7:50
250020001,200-1,일반형시내버스,평일,1,상공회의소,후평동종점,8:10
250020001,200-1,일반형시내버스,평일,1,상공회의소,후평동종점,8:40
250020001,200-1,일반형시내버스,평일,1,상공회의소,후평동종점,9:10
250020001,200-1,일반형시내버스,평일,1,상공회의소,후평동종점,9:30
250020001,200-1,일반형시내버스,평일,1,상공회의소,후평동종점,10:00
250020001,200-1,일반형시내버스,평일,1,상공회의소,후평동종점,10:30
250020001,200-1,일반형시내버스,평일,1,상공회의소,후평동종점,11:00
250020001,200-1,일반형시내버스,평일,1,상공회의소,후평동종점,11:30
250020001,200-1,일반형시내버스,평일,1,상공회의소,후평동종점,12:00
250020001,200-1,일반형시내버스,평일,1,상공회의소,후평동종점,12:20
250020001,200-1,일반형시내버스,평일,1,상공회의소,후평동종점,12:40
250020001,200-1,일반형시내버스,평일,1,상공회의소,후평동종점,13:00
250020001,200-1,일반형시내버스,평일,1,상공회의소,후평동종점,13:40
250020001,200-1,일반형시내버스,평일,1,상공회의소,후평동종점,14:00
250020001,200-1,일반형시내버스,평일,1,상공회의소,후평동종점,14:30
250020001,200-1,일반형시내버스,평일,1,상공회의소,후평동종점,15:00
250020001,200-1,일반형시내버스,평일,1,상공회의소,후평동종점,15:35
250020001,200-1,일반형시내버스,평일,1,상공회의소,후평동종점,16:10
250020001,200-1,일반형시내버스,평일,1,상공회의소,후평동종점,16:35
250020001,200-1,일반형시내버스,평일,1,상공회의소,후평동종점,17:00
250020001,200-1,일반형시내버스,평일,1,상공회의소,후평동종점,17:30
250020001,200-1,일반형시내버스,평일,1,상공회의소,후평동종점,18:00
250020001,200-1,일반형시내버스,평일,1,상공회의소,후평동종점,18:30
250020001,200-1,일반형시내버스,평일,1,상공회의소,후평동종점,19:00
250020001,200-1,일반형시내버스,평일,1,상공회의소,후평동종점,19:30
250020001,200-1,일반형시내버스,평일,1,상공회의소,후평동종점,20:00
250020001,200-1,일반형시내버스,평일,1,상공회의소,후평동종점,20:30
250020001,200-1,일반형시내버스,평일,1,상공회의소,후평동종점,21:00
250020001,200-1,일반형시내버스,평일,1,상공회의소,후평동종점,21:40
250020001,200-1,일반형시내버스,평일,1,상공회의소,후평동종점,22:20
250020001,200-1,일반형시내버스,휴일,1,상공회의소,후평동종점,5:35
250020001,200-1,일반형시내버스,휴일,1,상공회의소,후평동종점,6:15
250020001,200-1,일반형시내버스,휴일,1,상공회의소,후평동종점,7:00
250020001,200-1,일반형시내버스,휴일,1,상공회의소,후평동종점,7:45
250020001,200-1,일반형시내버스,휴일,1,상공회의소,후평동종점,8:25
250020001,200-1,일반형시내버스,휴일,1,상공회의소,후평동종점,9:10
250020001,200-1,일반형시내버스,휴일,1,상공회의소,후평동종점,9:55
250020001,200-1,일반형시내버스,휴일,1,상공회의소,후평동종점,10:35
250020001,200-1,일반형시내버스,휴일,1,상공회의소,후평동종점,11:20
250020001,200-1,일반형시내버스,휴일,1,상공회의소,후평동종점,12:05
250020001,200-1,일반형시내버스,휴일,1,상공회의소,후평동종점,12:45
250020001,200-1,일반형시내버스,휴일,1,상공회의소,후평동종점,13:30
250020001,200-1,일반형시내버스,휴일,1,상공회의소,후평동종점,14:15
250020001,200-1,일반형시내버스,휴일,1,상공회의소,후평동종점,14:55
250020001,200-1,일반형시내버스,휴일,1,상공회의소,후평동종점,15:40
250020001,200-1,일반형시내버스,휴일,1,상공회의소,후평동종점,16:25
250020001,200-1,일반형시내버스,휴일,1,상공회의소,후평동종점,17:05
250020001,200-1,일반형시내버스,휴일,1,상공회의소,후평동종점,17:50
250020001,200-1,일반형시내버스,휴일,1,상공회의소,후평동종점,18:35
250020001,200-1,일반형시내버스,휴일,1,상공회의소,후평동종점,19:15
250020001,200-1,일반형시내버스,휴일,1,상공회의소,후평동종점,20:00
250020001,200-1,일반형시내버스,휴일,1,상공회의소,후평동종점,20:45
250020001,200-1,일반형시내버스,휴일,1,상공회의소,후평동종점,21:25
250020001,200-1,일반형시내버스,휴일,1,상공회의소,후평동종점,22:10
250020002,200-S,일반형시내버스,평일,1,후평동종점,한림대학교,6:30
250000201,2-S,일반형시내버스,평일,1,상공회의소,춘천여고,6:30
250000201,2-S,일반형시내버스,평일,1,상공회의소,춘천여고,6:50
250000300,3,일반형시내버스,토요일,1,후평동종점,현진에버빌1차,5:35
250000300,3,일반형시내버스,토요일,1,후평동종점,현진에버빌1차,5:55
250000300,3,일반형시내버스,토요일,1,후평동종점,현진에버빌1차,6:15
250000300,3,일반형시내버스,토요일,1,후평동종점,현진에버빌1차,6:40
250000300,3,일반형시내버스,토요일,1,후평동종점,현진에버빌1차,7:00
250000300,3,일반형시내버스,토요일,1,후평동종점,현진에버빌1차,7:20
250000300,3,일반형시내버스,토요일,1,후평동종점,현진에버빌1차,7:40
250000300,3,일반형시내버스,토요일,1,후평동종점,현진에버빌1차,8:00
250000300,3,일반형시내버스,토요일,1,후평동종점,현진에버빌1차,8:20
250000300,3,일반형시내버스,토요일,1,후평동종점,현진에버빌1차,8:45
250000300,3,일반형시내버스,토요일,1,후평동종점,현진에버빌1차,9:05
250000300,3,일반형시내버스,토요일,1,후평동종점,현진에버빌1차,9:25
250000300,3,일반형시내버스,토요일,1,후평동종점,현진에버빌1차,9:50
250000300,3,일반형시내버스,토요일,1,후평동종점,현진에버빌1차,10:10
250000300,3,일반형시내버스,토요일,1,후평동종점,현진에버빌1차,10:30
250000300,3,일반형시내버스,토요일,1,후평동종점,현진에버빌1차,10:55
250000300,3,일반형시내버스,토요일,1,후평동종점,현진에버빌1차,11:15
250000300,3,일반형시내버스,토요일,1,후평동종점,현진에버빌1차,11:35
250000300,3,일반형시내버스,토요일,1,후평동종점,현진에버빌1차,12:00
250000300,3,일반형시내버스,토요일,1,후평동종점,현진에버빌1차,12:20
250000300,3,일반형시내버스,토요일,1,후평동종점,현진에버빌1차,12:40
250000300,3,일반형시내버스,토요일,1,후평동종점,현진에버빌1차,13:05
250000300,3,일반형시내버스,토요일,1,후평동종점,현진에버빌1차,13:25
250000300,3,일반형시내버스,토요일,1,후평동종점,현진에버빌1차,13:45
250000300,3,일반형시내버스,토요일,1,후평동종점,현진에버빌1차,14:10
250000300,3,일반형시내버스,토요일,1,후평동종점,현진에버빌1차,14:30
250000300,3,일반형시내버스,토요일,1,후평동종점,현진에버빌1차,14:50
250000300,3,일반형시내버스,토요일,1,후평동종점,현진에버빌1차,15:15
250000300,3,일반형시내버스,토요일,1,후평동종점,현진에버빌1차,15:35
250000300,3,일반형시내버스,토요일,1,후평동종점,현진에버빌1차,15:55
250000300,3,일반형시내버스,토요일,1,후평동종점,현진에버빌1차,16:20
250000300,3,일반형시내버스,토요일,1,후평동종점,현진에버빌1차,16:40
250000300,3,일반형시내버스,토요일,1,후평동종점,현진에버빌1차,17:00
250000300,3,일반형시내버스,토요일,1,후평동종점,현진에버빌1차,17:25
250000300,3,일반형시내버스,토요일,1,후평동종점,현진에버빌1차,17:45
250000300,3,일반형시내버스,토요일,1,후평동종점,현진에버빌1차,18:05
250000300,3,일반형시내버스,토요일,1,후평동종점,현진에버빌1차,18:25
250000300,3,일반형시내버스,토요일,1,후평동종점,현진에버빌1차,18:45
250000300,3,일반형시내버스,토요일,1,후평동종점,현진에버빌1차,19:05
250000300,3,일반형시내버스,토요일,1,후평동종점,현진에버빌1차,19:30
250000300,3,일반형시내버스,토요일,1,후평동종점,현진에버빌1차,19:50
250000300,3,일반형시내버스,토요일,1,후평동종점,현진에버빌1차,20:10
250000300,3,일반형시내버스,토요일,1,후평동종점,현진에버빌1차,20:30
250000300,3,일반형시내버스,토요일,1,후평동종점,현진에버빌1차,20:50
250000300,3,일반형시내버스,토요일,1,후평동종점,현진에버빌1차,21:10
250000300,3,일반형시내버스,토요일,1,후평동종점,현진에버빌1차,21:35
250000300,3,일반형시내버스,평일,1,후평동종점,현진에버빌1차,5:35
250000300,3,일반형시내버스,평일,1,후평동종점,현진에버빌1차,5:55
250000300,3,일반형시내버스,평일,1,후평동종점,현진에버빌1차,6:10
250000300,3,일반형시내버스,평일,1,후평동종점,현진에버빌1차,7:10
250000300,3,일반형시내버스,평일,1,후평동종점,현진에버빌1차,7:25
250000300,3,일반형시내버스,평일,1,후평동종점,현진에버빌1차,7:40
250000300,3,일반형시내버스,평일,1,후평동종점,현진에버빌1차,8:00
250000300,3,일반형시내버스,평일,1,후평동종점,현진에버빌1차,8:15
250000300,3,일반형시내버스,평일,1,후평동종점,현진에버빌1차,8:35
250000300,3,일반형시내버스,평일,1,후평동종점,현진에버빌1차,8:55
250000300,3,일반형시내버스,평일,1,후평동종점,현진에버빌1차,9:15
250000300,3,일반형시내버스,평일,1,후평동종점,현진에버빌1차,9:30
250000300,3,일반형시내버스,평일,1,후평동종점,현진에버빌1차,9:50
250000300,3,일반형시내버스,평일,1,후평동종점,현진에버빌1차,10:10
250000300,3,일반형시내버스,평일,1,후평동종점,현진에버빌1차,10:25
250000300,3,일반형시내버스,평일,1,후평동종점,현진에버빌1차,10:45
250000300,3,일반형시내버스,평일,1,후평동종점,현진에버빌1차,11:05
250000300,3,일반형시내버스,평일,1,후평동종점,현진에버빌1차,11:25
250000300,3,일반형시내버스,평일,1,후평동종점,현진에버빌1차,11:40
250000300,3,일반형시내버스,평일,1,후평동종점,현진에버빌1차,12:00
250000300,3,일반형시내버스,평일,1,후평동종점,현진에버빌1차,12:20
250000300,3,일반형시내버스,평일,1,후평동종점,현진에버빌1차,12:35
250000300,3,일반형시내버스,평일,1,후평동종점,현진에버빌1차,12:55
250000300,3,일반형시내버스,평일,1,후평동종점,현진에버빌1차,13:15
250000300,3,일반형시내버스,평일,1,후평동종점,현진에버빌1차,13:35
250000300,3,일반형시내버스,평일,1,후평동종점,현진에버빌1차,13:50
250000300,3,일반형시내버스,평일,1,후평동종점,현진에버빌1차,14:10
250000300,3,일반형시내버스,평일,1,후평동종점,현진에버빌1차,14:30
250000300,3,일반형시내버스,평일,1,후평동종점,현진에버빌1차,14:45
250000300,3,일반형시내버스,평일,1,후평동종점,현진에버빌1차,15:05
250000300,3,일반형시내버스,평일,1,후평동종점,현진에버빌1차,15:25
250000300,3,일반형시내버스,평일,1,후평동종점,현진에버빌1차,15:45
250000300,3,일반형시내버스,평일,1,후평동종점,현진에버빌1차,16:00
250000300,3,일반형시내버스,평일,1,후평동종점,현진에버빌1차,16:20
250000300,3,일반형시내버스,평일,1,후평동종점,현진에버빌1차,16:40
250000300,3,일반형시내버스,평일,1,후평동종점,현진에버빌1차,16:55
250000300,3,일반형시내버스,평일,1,후평동종점,현진에버빌1차,17:15
250000300,3,일반형시내버스,평일,1,후평동종점,현진에버빌1차,17:35
250000300,3,일반형시내버스,평일,1,후평동종점,현진에버빌1차,17:55
250000300,3,일반형시내버스,평일,1,후평동종점,현진에버빌1차,18:10
250000300,3,일반형시내버스,평일,1,후평동종점,현진에버빌1차,18:25
250000300,3,일반형시내버스,평일,1,후평동종점,현진에버빌1차,18:45
250000300,3,일반형시내버스,평일,1,후평동종점,현진에버빌1차,19:00
250000300,3,일반형시내버스,평일,1,후평동종점,현진에버빌1차,19:20
250000300,3,일반형시내버스,평일,1,후평동종점,현진에버빌1차,19:40
250000300,3,일반형시내버스,평일,1,후평동종점,현진에버빌1차,20:00
250000300,3,일반형시내버스,평일,1,후평동종점,현진에버빌1차,20:15
250000300,3,일반형시내버스,평일,1,후평동종점,현진에버빌1차,20:30
250000300,3,일반형시내버스,평일,1,후평동종점,현진에버빌1차,20:50
250000300,3,일반형시내버스,평일,1,후평동종점,현진에버빌1차,21:05
250000300,3,일반형시내버스,평일,1,후평동종점,현진에버빌1차,21:25
250000300,3,일반형시내버스,평일,1,후평동종점,현진에버빌1차,21:45
250030000,300,일반형시내버스,토요일,1,춘천역,남춘천역,6:40
250030000,300,일반형시내버스,토요일,1,춘천역,남춘천역,7:10
250030000,300,일반형시내버스,토요일,1,춘천역,남춘천역,7:40
250030000,300,일반형시내버스,토요일,1,춘천역,남춘천역,8:10
250030000,300,일반형시내버스,토요일,1,춘천역,남춘천역,8:30
250030000,300,일반형시내버스,토요일,1,춘천역,남춘천역,9:00
250030000,300,일반형시내버스,토요일,1,춘천역,남춘천역,9:30
250030000,300,일반형시내버스,토요일,1,춘천역,남춘천역,10:00
250030000,300,일반형시내버스,토요일,1,춘천역,남춘천역,10:20
250030000,300,일반형시내버스,토요일,1,춘천역,남춘천역,10:40
250030000,300,일반형시내버스,토요일,1,춘천역,남춘천역,11:20
250030000,300,일반형시내버스,토요일,1,춘천역,남춘천역,12:00
250030000,300,일반형시내버스,토요일,1,춘천역,남춘천역,12:40
250030000,300,일반형시내버스,토요일,1,춘천역,남춘천역,13:20
250030000,300,일반형시내버스,토요일,1,춘천역,남춘천역,13:40
250030000,300,일반형시내버스,토요일,1,춘천역,남춘천역,14:00
250030000,300,일반형시내버스,토요일,1,춘천역,남춘천역,14:30
250030000,300,일반형시내버스,토요일,1,춘천역,남춘천역,15:00
250030000,300,일반형시내버스,토요일,1,춘천역,남춘천역,15:30
250030000,300,일반형시내버스,토요일,1,춘천역,남춘천역,16:00
250030000,300,일반형시내버스,토요일,1,춘천역,남춘천역,16:20
250030000,300,일반형시내버스,토요일,1,춘천역,남춘천역,16:50
250030000,300,일반형시내버스,토요일,1,춘천역,남춘천역,17:20
250030000,300,일반형시내버스,토요일,1,춘천역,남춘천역,17:50
250030000,300,일반형시내버스,토요일,1,춘천역,남춘천역,18:30
250030000,300,일반형시내버스,토요일,1,춘천역,남춘천역,19:00
250030000,300,일반형시내버스,토요일,1,춘천역,남춘천역,19:30
250030000,300,일반형시내버스,토요일,1,춘천역,남춘천역,20:00
250030000,300,일반형시내버스,토요일,1,춘천역,남춘천역,20:30
250030000,300,일반형시내버스,토요일,1,춘천역,남춘천역,21:00
250030000,300,일반형시내버스,토요일,1,춘천역,남춘천역,21:30
250030000,300,일반형시내버스,토요일,1,춘천역,남춘천역,21:55
250030000,300,일반형시내버스,평일,1,춘천역,남춘천역,6:40
250030000,300,일반형시내버스,평일,1,춘천역,남춘천역,7:10
250030000,300,일반형시내버스,평일,1,춘천역,남춘천역,7:40
250030000,300,일반형시내버스,평일,1,춘천역,남춘천역,8:10
250030000,300,일반형시내버스,평일,1,춘천역,남춘천역,8:30
250030000,300,일반형시내버스,평일,1,춘천역,남춘천역,9:00
250030000,300,일반형시내버스,평일,1,춘천역,남춘천역,9:30
250030000,300,일반형시내버스,평일,1,춘천역,남춘천역,9:45
250030000,300,일반형시내버스,평일,1,춘천역,남춘천역,10:00
250030000,300,일반형시내버스,평일,1,춘천역,남춘천역,10:10
250030000,300,일반형시내버스,평일,1,춘천역,남춘천역,10:20
250030000,300,일반형시내버스,평일,1,춘천역,남춘천역,10:40
250030000,300,일반형시내버스,평일,1,춘천역,남춘천역,11:20
250030000,300,일반형시내버스,평일,1,춘천역,남춘천역,12:00
250030000,300,일반형시내버스,평일,1,춘천역,남춘천역,12:40
250030000,300,일반형시내버스,평일,1,춘천역,남춘천역,13:20
250030000,300,일반형시내버스,평일,1,춘천역,남춘천역,13:40
250030000,300,일반형시내버스,평일,1,춘천역,남춘천역,14:00
250030000,300,일반형시내버스,평일,1,춘천역,남춘천역,14:30
250030000,300,일반형시내버스,평일,1,춘천역,남춘천역,15:00
250030000,300,일반형시내버스,평일,1,춘천역,남춘천역,15:15
250030000,300,일반형시내버스,평일,1,춘천역,남춘천역,15:30
250030000,300,일반형시내버스,평일,1,춘천역,남춘천역,15:45
250030000,300,일반형시내버스,평일,1,춘천역,남춘천역,16:00
250030000,300,일반형시내버스,평일,1,춘천역,남춘천역,16:20
250030000,300,일반형시내버스,평일,1,춘천역,남춘천역,16:50
250030000,300,일반형시내버스,평일,1,춘천역,남춘천역,17:05
250030000,300,일반형시내버스,평일,1,춘천역,남춘천역,17:20
250030000,300,일반형시내버스,평일,1,춘천역,남춘천역,17:35
250030000,300,일반형시내버스,평일,1,춘천역,남춘천역,17:50
250030000,300,일반형시내버스,평일,1,춘천역,남춘천역,18:30
250030000,300,일반형시내버스,평일,1,춘천역,남춘천역,19:00
250030000,300,일반형시내버스,평일,1,춘천역,남춘천역,19:15
250030000,300,일반형시내버스,평일,1,춘천역,남춘천역,19:30
250030000,300,일반형시내버스,평일,1,춘천역,남춘천역,19:45
250030000,300,일반형시내버스,휴일,1,춘천역,남춘천역,6:40
250030000,300,일반형시내버스,휴일,1,춘천역,남춘천역,7:10
250030000,300,일반형시내버스,휴일,1,춘천역,남춘천역,7:40
250030000,300,일반형시내버스,휴일,1,춘천역,남춘천역,8:10
250030000,300,일반형시내버스,휴일,1,춘천역,남춘천역,8:30
250030000,300,일반형시내버스,휴일,1,춘천역,남춘천역,9:00
250030000,300,일반형시내버스,휴일,1,춘천역,남춘천역,9:30
250030000,300,일반형시내버스,휴일,1,춘천역,남춘천역,10:00
250030000,300,일반형시내버스,휴일,1,춘천역,남춘천역,10:20
250030000,300,일반형시내버스,휴일,1,춘천역,남춘천역,10:40
250030000,300,일반형시내버스,휴일,1,춘천역,남춘천역,11:20
250030000,300,일반형시내버스,휴일,1,춘천역,남춘천역,12:00
250030000,300,일반형시내버스,휴일,1,춘천역,남춘천역,12:40
250030000,300,일반형시내버스,휴일,1,춘천역,남춘천역,13:20
250030000,300,일반형시내버스,휴일,1,춘천역,남춘천역,13:40
250030000,300,일반형시내버스,휴일,1,춘천역,남춘천역,14:00
250030000,300,일반형시내버스,휴일,1,춘천역,남춘천역,14:30
250030000,300,일반형시내버스,휴일,1,춘천역,남춘천역,15:00
250030000,300,일반형시내버스,휴일,1,춘천역,남춘천역,15:30
250030000,300,일반형시내버스,휴일,1,춘천역,남춘천역,16:00
250030000,300,일반형시내버스,휴일,1,춘천역,남춘천역,16:20
250030000,300,일반형시내버스,휴일,1,춘천역,남춘천역,16:50
250030000,300,일반형시내버스,휴일,1,춘천역,남춘천역,17:20
250030000,300,일반형시내버스,휴일,1,춘천역,남춘천역,17:50
250030000,300,일반형시내버스,휴일,1,춘천역,남춘천역,18:30
250030000,300,일반형시내버스,휴일,1,춘천역,남춘천역,19:00
250030000,300,일반형시내버스,휴일,1,춘천역,남춘천역,19:30
250030000,300,일반형시내버스,휴일,1,춘천역,남춘천역,20:00
250030000,300,일반형시내버스,휴일,1,춘천역,남춘천역,20:30
250030000,300,일반형시내버스,휴일,1,춘천역,남춘천역,21:00
250030000,300,일반형시내버스,휴일,1,춘천역,남춘천역,21:30
250030000,300,일반형시내버스,휴일,1,춘천역,남춘천역,21:55
250000301,3-S,일반형시내버스,평일,1,후평동종점,춘천여고앞,6:30
250000301,3-S,일반형시내버스,평일,1,후평동종점,춘천여고앞,6:50
250000400,4,일반형시내버스,평일,1,후평동종점,현진에버빌1차,5:40
250000400,4,일반형시내버스,평일,1,후평동종점,현진에버빌1차,7:00
250000400,4,일반형시내버스,평일,1,후평동종점,현진에버빌1차,7:15
250000400,4,일반형시내버스,평일,1,후평동종점,현진에버빌1차,7:30
250000400,4,일반형시내버스,평일,1,후평동종점,현진에버빌1차,7:45
250000400,4,일반형시내버스,평일,1,후평동종점,현진에버빌1차,8:10
250000400,4,일반형시내버스,평일,1,후평동종점,현진에버빌1차,8:35
250000400,4,일반형시내버스,평일,1,후평동종점,현진에버빌1차,9:00
250000400,4,일반형시내버스,평일,1,후평동종점,현진에버빌1차,9:25
250000400,4,일반형시내버스,평일,1,후평동종점,현진에버빌1차,9:45
250000400,4,일반형시내버스,평일,1,후평동종점,현진에버빌1차,10:00
250000400,4,일반형시내버스,평일,1,후평동종점,현진에버빌1차,10:15
250000400,4,일반형시내버스,평일,1,후평동종점,현진에버빌1차,10:55
250000400,4,일반형시내버스,평일,1,후평동종점,현진에버빌1차,11:20
250000400,4,일반형시내버스,평일,1,후평동종점,현진에버빌1차,11:45
250000400,4,일반형시내버스,평일,1,후평동종점,현진에버빌1차,12:10
250000400,4,일반형시내버스,평일,1,후평동종점,현진에버빌1차,12:30
250000400,4,일반형시내버스,평일,1,후평동종점,현진에버빌1차,12:45
250000400,4,일반형시내버스,평일,1,후평동종점,현진에버빌1차,13:00
250000400,4,일반형시내버스,평일,1,후평동종점,현진에버빌1차,13:40
250000400,4,일반형시내버스,평일,1,후평동종점,현진에버빌1차,14:05
250000400,4,일반형시내버스,평일,1,후평동종점,현진에버빌1차,14:30
250000400,4,일반형시내버스,평일,1,후평동종점,현진에버빌1차,14:55
250000400,4,일반형시내버스,평일,1,후평동종점,현진에버빌1차,15:15
250000400,4,일반형시내버스,평일,1,후평동종점,현진에버빌1차,15:30
250000400,4,일반형시내버스,평일,1,후평동종점,현진에버빌1차,15:45
250000400,4,일반형시내버스,평일,1,후평동종점,현진에버빌1차,16:25
250000400,4,일반형시내버스,평일,1,후평동종점,현진에버빌1차,16:50
250000400,4,일반형시내버스,평일,1,후평동종점,현진에버빌1차,17:15
250000400,4,일반형시내버스,평일,1,후평동종점,현진에버빌1차,17:40
250000400,4,일반형시내버스,평일,1,후평동종점,현진에버빌1차,18:00
250000400,4,일반형시내버스,평일,1,후평동종점,현진에버빌1차,18:15
250000400,4,일반형시내버스,평일,1,후평동종점,현진에버빌1차,18:30
250000400,4,일반형시내버스,평일,1,후평동종점,현진에버빌1차,19:00
250000400,4,일반형시내버스,평일,1,후평동종점,현진에버빌1차,19:35
250000400,4,일반형시내버스,평일,1,후평동종점,현진에버빌1차,20:00
250000400,4,일반형시내버스,평일,1,후평동종점,현진에버빌1차,20:25
250000400,4,일반형시내버스,평일,1,후평동종점,현진에버빌1차,20:45
250000400,4,일반형시내버스,평일,1,후평동종점,현진에버빌1차,21:05
250000400,4,일반형시내버스,평일,1,후평동종점,현진에버빌1차,21:25
250040000,400,일반형시내버스,토요일,1,샘밭장터,남춘천역2번출구,6:40
250040000,400,일반형시내버스,토요일,1,샘밭장터,남춘천역2번출구,7:05
250040000,400,일반형시내버스,토요일,1,샘밭장터,남춘천역2번출구,7:50
250040000,400,일반형시내버스,토요일,1,샘밭장터,남춘천역2번출구,8:45
250040000,400,일반형시내버스,토요일,1,샘밭장터,남춘천역2번출구,9:35
250040000,400,일반형시내버스,토요일,1,샘밭장터,남춘천역2번출구,10:50
250040000,400,일반형시내버스,토요일,1,샘밭장터,남춘천역2번출구,12:00
250040000,400,일반형시내버스,토요일,1,샘밭장터,남춘천역2번출구,13:05
250040000,400,일반형시내버스,토요일,1,샘밭장터,남춘천역2번출구,13:40
250040000,400,일반형시내버스,토요일,1,샘밭장터,남춘천역2번출구,15:05
250040000,400,일반형시내버스,토요일,1,샘밭장터,남춘천역2번출구,15:40
250040000,400,일반형시내버스,토요일,1,샘밭장터,남춘천역2번출구,16:45
250040000,400,일반형시내버스,토요일,1,샘밭장터,남춘천역2번출구,17:45
250040000,400,일반형시내버스,토요일,1,샘밭장터,남춘천역2번출구,18:45
250040000,400,일반형시내버스,토요일,1,샘밭장터,남춘천역2번출구,19:35
250040000,400,일반형시내버스,토요일,1,샘밭장터,남춘천역2번출구,20:35
250040000,400,일반형시내버스,토요일,1,샘밭장터,남춘천역2번출구,21:30
250040000,400,일반형시내버스,토요일,2,남춘천역2번출구,샘밭장터,7:20
250040000,400,일반형시내버스,토요일,2,남춘천역2번출구,샘밭장터,7:45
250040000,400,일반형시내버스,토요일,2,남춘천역2번출구,샘밭장터,8:30
250040000,400,일반형시내버스,토요일,2,남춘천역2번출구,샘밭장터,9:25
250040000,400,일반형시내버스,토요일,2,남춘천역2번출구,샘밭장터,10:15
250040000,400,일반형시내버스,토요일,2,남춘천역2번출구,샘밭장터,11:30
250040000,400,일반형시내버스,토요일,2,남춘천역2번출구,샘밭장터,12:45
250040000,400,일반형시내버스,토요일,2,남춘천역2번출구,샘밭장터,13:45
250040000,400,일반형시내버스,토요일,2,남춘천역2번출구,샘밭장터,14:20
250040000,400,일반형시내버스,토요일,2,남춘천역2번출구,샘밭장터,15:45
250040000,400,일반형시내버스,토요일,2,남춘천역2번출구,샘밭장터,16:20
250040000,400,일반형시내버스,토요일,2,남춘천역2번출구,샘밭장터,17:25
250040000,400,일반형시내버스,토요일,2,남춘천역2번출구,샘밭장터,18:25
250040000,400,일반형시내버스,토요일,2,남춘천역2번출구,샘밭장터,19:25
250040000,400,일반형시내버스,토요일,2,남춘천역2번출구,샘밭장터,20:15
250040000,400,일반형시내버스,토요일,2,남춘천역2번출구,샘밭장터,21:15
250040000,400,일반형시내버스,토요일,2,남춘천역2번출구,샘밭장터,22:10
250040000,400,일반형시내버스,평일,1,샘밭장터,남춘천역2번출구,6:40
250040000,400,일반형시내버스,평일,1,샘밭장터,남춘천역2번출구,7:05
250040000,400,일반형시내버스,평일,1,샘밭장터,남춘천역2번출구,7:50
250040000,400,일반형시내버스,평일,1,샘밭장터,남춘천역2번출구,8:45
250040000,400,일반형시내버스,평일,1,샘밭장터,남춘천역2번출구,9:35
250040000,400,일반형시내버스,평일,1,샘밭장터,남춘천역2번출구,10:50
250040000,400,일반형시내버스,평일,1,샘밭장터,남춘천역2번출구,12:00
250040000,400,일반형시내버스,평일,1,샘밭장터,남춘천역2번출구,13:05
250040000,400,일반형시내버스,평일,1,샘밭장터,남춘천역2번출구,13:40
250040000,400,일반형시내버스,평일,1,샘밭장터,남춘천역2번출구,15:05
250040000,400,일반형시내버스,평일,1,샘밭장터,남춘천역2번출구,15:40
250040000,400,일반형시내버스,평일,1,샘밭장터,남춘천역2번출구,16:45
250040000,400,일반형시내버스,평일,1,샘밭장터,남춘천역2번출구,17:45
250040000,400,일반형시내버스,평일,1,샘밭장터,남춘천역2번출구,18:45
250040000,400,일반형시내버스,평일,1,샘밭장터,남춘천역2번출구,19:35
250040000,400,일반형시내버스,평일,1,샘밭장터,남춘천역2번출구,20:35
250040000,400,일반형시내버스,평일,1,샘밭장터,남춘천역2번출구,21:30
250040000,400,일반형시내버스,평일,2,남춘천역2번출구,샘밭장터,7:20
250040000,400,일반형시내버스,평일,2,남춘천역2번출구,샘밭장터,7:45
250040000,400,일반형시내버스,평일,2,남춘천역2번출구,샘밭장터,8:30
250040000,400,일반형시내버스,평일,2,남춘천역2번출구,샘밭장터,9:25
250040000,400,일반형시내버스,평일,2,남춘천역2번출구,샘밭장터,10:15
250040000,400,일반형시내버스,평일,2,남춘천역2번출구,샘밭장터,11:30
250040000,400,일반형시내버스,평일,2,남춘천역2번출구,샘밭장터,12:45
250040000,400,일반형시내버스,평일,2,남춘천역2번출구,샘밭장터,13:45
250040000,400,일반형시내버스,평일,2,남춘천역2번출구,샘밭장터,14:20
250040000,400,일반형시내버스,평일,2,남춘천역2번출구,샘밭장터,15:45
250040000,400,일반형시내버스,평일,2,남춘천역2번출구,샘밭장터,16:20
250040000,400,일반형시내버스,평일,2,남춘천역2번출구,샘밭장터,17:25
250040000,400,일반형시내버스,평일,2,남춘천역2번출구,샘밭장터,18:25
250040000,400,일반형시내버스,평일,2,남춘천역2번출구,샘밭장터,19:25
250040000,400,일반형시내버스,평일,2,남춘천역2번출구,샘밭장터,19:25
250040000,400,일반형시내버스,평일,2,남춘천역2번출구,샘밭장터,20:15
250040000,400,일반형시내버스,평일,2,남춘천역2번출구,샘밭장터,21:15
250040000,400,일반형시내버스,평일,2,남춘천역2번출구,샘밭장터,22:10
250040000,400,일반형시내버스,휴일,1,샘밭장터,남춘천역2번출구,6:40
250040000,400,일반형시내버스,휴일,1,샘밭장터,남춘천역2번출구,7:05
250040000,400,일반형시내버스,휴일,1,샘밭장터,남춘천역2번출구,7:50
250040000,400,일반형시내버스,휴일,1,샘밭장터,남춘천역2번출구,8:45
250040000,400,일반형시내버스,휴일,1,샘밭장터,남춘천역2번출구,9:35
250040000,400,일반형시내버스,휴일,1,샘밭장터,남춘천역2번출구,10:50
250040000,400,일반형시내버스,휴일,1,샘밭장터,남춘천역2번출구,12:00
250040000,400,일반형시내버스,휴일,1,샘밭장터,남춘천역2번출구,13:05
250040000,400,일반형시내버스,휴일,1,샘밭장터,남춘천역2번출구,13:40
250040000,400,일반형시내버스,휴일,1,샘밭장터,남춘천역2번출구,15:05
250040000,400,일반형시내버스,휴일,1,샘밭장터,남춘천역2번출구,15:40
250040000,400,일반형시내버스,휴일,1,샘밭장터,남춘천역2번출구,16:45
250040000,400,일반형시내버스,휴일,1,샘밭장터,남춘천역2번출구,17:45
250040000,400,일반형시내버스,휴일,1,샘밭장터,남춘천역2번출구,18:45
250040000,400,일반형시내버스,휴일,1,샘밭장터,남춘천역2번출구,19:35
250040000,400,일반형시내버스,휴일,1,샘밭장터,남춘천역2번출구,20:35
250040000,400,일반형시내버스,휴일,1,샘밭장터,남춘천역2번출구,21:30
250040000,400,일반형시내버스,휴일,2,남춘천역2번출구,샘밭장터,7:20
250040000,400,일반형시내버스,휴일,2,남춘천역2번출구,샘밭장터,7:20
250040000,400,일반형시내버스,휴일,2,남춘천역2번출구,샘밭장터,7:45
250040000,400,일반형시내버스,휴일,2,남춘천역2번출구,샘밭장터,8:30
250040000,400,일반형시내버스,휴일,2,남춘천역2번출구,샘밭장터,9:25
250040000,400,일반형시내버스,휴일,2,남춘천역2번출구,샘밭장터,10:15
250040000,400,일반형시내버스,휴일,2,남춘천역2번출구,샘밭장터,11:30
250040000,400,일반형시내버스,휴일,2,남춘천역2번출구,샘밭장터,12:45
250040000,400,일반형시내버스,휴일,2,남춘천역2번출구,샘밭장터,13:45
250040000,400,일반형시내버스,휴일,2,남춘천역2번출구,샘밭장터,14:20
250040000,400,일반형시내버스,휴일,2,남춘천역2번출구,샘밭장터,15:45
250040000,400,일반형시내버스,휴일,2,남춘천역2번출구,샘밭장터,16:20
250040000,400,일반형시내버스,휴일,2,남춘천역2번출구,샘밭장터,17:25
250040000,400,일반형시내버스,휴일,2,남춘천역2번출구,샘밭장터,18:25
250040000,400,일반형시내버스,휴일,2,남춘천역2번출구,샘밭장터,19:25
250040000,400,일반형시내버스,휴일,2,남춘천역2번출구,샘밭장터,20:15
250040000,400,일반형시내버스,휴일,2,남춘천역2번출구,샘밭장터,21:15
250040000,400,일반형시내버스,휴일,2,남춘천역2번출구,샘밭장터,22:10
250000401,4-S,일반형시내버스,평일,1,후평동종점,한림대학교,6:05
250000401,4-S,일반형시내버스,평일,1,후평동종점,한림대학교,6:30
250000600,6,일반형시내버스,토요일,1,후평동종점,송암동,7:30
250000600,6,일반형시내버스,토요일,1,후평동종점,송암동,9:30
250000600,6,일반형시내버스,토요일,1,후평동종점,송암동,11:20
250000600,6,일반형시내버스,토요일,1,후평동종점,송암동,13:20
250000600,6,일반형시내버스,토요일,1,후평동종점,송암동,15:10
250000600,6,일반형시내버스,토요일,1,후평동종점,송암동,17:00
250000600,6,일반형시내버스,토요일,1,후평동종점,송암동,19:00
250000600,6,일반형시내버스,토요일,1,후평동종점,송암동,21:00
250000600,6,일반형시내버스,평일,1,후평동종점,송암동,7:30
250000600,6,일반형시내버스,평일,1,후평동종점,송암동,9:30
250000600,6,일반형시내버스,평일,1,후평동종점,송암동,11:20
250000600,6,일반형시내버스,평일,1,후평동종점,송암동,13:20
250000600,6,일반형시내버스,평일,1,후평동종점,송암동,15:10
250000600,6,일반형시내버스,평일,1,후평동종점,송암동,17:00
250000600,6,일반형시내버스,평일,1,후평동종점,송암동,19:00
250000600,6,일반형시내버스,평일,1,후평동종점,송암동,21:00
250000600,6,일반형시내버스,평일,2,송암동,후평동종점,8:20
250000600,6,일반형시내버스,평일,2,송암동,후평동종점,10:20
250000600,6,일반형시내버스,평일,2,송암동,후평동종점,12:10
250000600,6,일반형시내버스,평일,2,송암동,후평동종점,14:10
250000600,6,일반형시내버스,평일,2,송암동,후평동종점,16:00
250000600,6,일반형시내버스,평일,2,송암동,후평동종점,17:50
250000600,6,일반형시내버스,평일,2,송암동,후평동종점,19:50
250000600,6,일반형시내버스,평일,2,송암동,후평동종점,22:00
250000600,6,일반형시내버스,휴일,1,후평동종점,송암동,7:30
250000600,6,일반형시내버스,휴일,1,후평동종점,송암동,9:30
250000600,6,일반형시내버스,휴일,1,후평동종점,송암동,11:20
250000600,6,일반형시내버스,휴일,1,후평동종점,송암동,13:20
250000600,6,일반형시내버스,휴일,1,후평동종점,송암동,15:10
250000600,6,일반형시내버스,휴일,1,후평동종점,송암동,17:00
250000600,6,일반형시내버스,휴일,1,후평동종점,송암동,19:00
250000600,6,일반형시내버스,휴일,1,후평동종점,송암동,21:00
250000700,7,일반형시내버스,평일,1,후평동종점,구곡폭포종점,5:45
250000700,7,일반형시내버스,평일,1,후평동종점,구곡폭포종점,6:15
250000700,7,일반형시내버스,평일,1,후평동종점,구곡폭포종점,7:35
250000700,7,일반형시내버스,평일,1,후평동종점,구곡폭포종점,8:30
250000700,7,일반형시내버스,평일,1,후평동종점,구곡폭포종점,9:00
250000700,7,일반형시내버스,평일,1,후평동종점,구곡폭포종점,10:20
250000700,7,일반형시내버스,평일,1,후평동종점,구곡폭포종점,11:15
250000700,7,일반형시내버스,평일,1,후평동종점,구곡폭포종점,11:45
250000700,7,일반형시내버스,평일,1,후평동종점,구곡폭포종점,13:05
250000700,7,일반형시내버스,평일,1,후평동종점,구곡폭포종점,14:00
250000700,7,일반형시내버스,평일,1,후평동종점,구곡폭포종점,14:30
250000700,7,일반형시내버스,평일,1,후평동종점,구곡폭포종점,15:50
250000700,7,일반형시내버스,평일,1,후평동종점,구곡폭포종점,16:45
250000700,7,일반형시내버스,평일,1,후평동종점,구곡폭포종점,17:15
250000700,7,일반형시내버스,평일,1,후평동종점,구곡폭포종점,18:55
250000700,7,일반형시내버스,평일,1,후평동종점,구곡폭포종점,19:30
250000700,7,일반형시내버스,평일,1,후평동종점,구곡폭포종점,20:00
250000700,7,일반형시내버스,평일,1,후평동종점,구곡폭포종점,21:20
250000700,7,일반형시내버스,평일,2,구곡폭포종점,후평동종점,7:20
250000700,7,일반형시내버스,평일,2,구곡폭포종점,후평동종점,8:40
250000700,7,일반형시내버스,평일,2,구곡폭포종점,후평동종점,9:35
250000700,7,일반형시내버스,평일,2,구곡폭포종점,후평동종점,10:05
250000700,7,일반형시내버스,평일,2,구곡폭포종점,후평동종점,11:25
250000700,7,일반형시내버스,평일,2,구곡폭포종점,후평동종점,12:20
250000700,7,일반형시내버스,평일,2,구곡폭포종점,후평동종점,12:50
250000700,7,일반형시내버스,평일,2,구곡폭포종점,후평동종점,15:05
250000700,7,일반형시내버스,평일,2,구곡폭포종점,후평동종점,15:35
250000700,7,일반형시내버스,평일,2,구곡폭포종점,후평동종점,16:10
250000700,7,일반형시내버스,평일,2,구곡폭포종점,후평동종점,16:55
250000700,7,일반형시내버스,평일,2,구곡폭포종점,후평동종점,17:50
250000700,7,일반형시내버스,평일,2,구곡폭포종점,후평동종점,18:20
250000700,7,일반형시내버스,평일,2,구곡폭포종점,후평동종점,19:40
250000700,7,일반형시내버스,평일,2,구곡폭포종점,후평동종점,20:35
250000700,7,일반형시내버스,평일,2,구곡폭포종점,후평동종점,21:05
250000700,7,일반형시내버스,평일,2,구곡폭포종점,후평동종점,22:25
250000703,7(갈때편도),일반형시내버스,평일,1,후평동종점,구곡폭포종점,5:50
250000701,07월 01일,일반형시내버스,평일,1,후평동종점,구곡폭포종점,5:20
250000701,07월 01일,일반형시내버스,평일,1,후평동종점,구곡폭포종점,8:05
250000701,07월 01일,일반형시내버스,평일,1,후평동종점,구곡폭포종점,9:55
250000701,07월 01일,일반형시내버스,평일,1,후평동종점,구곡폭포종점,10:50
250000701,07월 01일,일반형시내버스,평일,1,후평동종점,구곡폭포종점,12:40
250000701,07월 01일,일반형시내버스,평일,1,후평동종점,구곡폭포종점,13:35
250000701,07월 01일,일반형시내버스,평일,1,후평동종점,구곡폭포종점,15:25
250000701,07월 01일,일반형시내버스,평일,1,후평동종점,구곡폭포종점,16:20
250000701,07월 01일,일반형시내버스,평일,1,후평동종점,구곡폭포종점,18:10
250000701,07월 01일,일반형시내버스,평일,1,후평동종점,구곡폭포종점,19:05
250000701,07월 01일,일반형시내버스,평일,1,후평동종점,구곡폭포종점,20:55
250000701,07월 01일,일반형시내버스,평일,2,구곡폭포종점,후평동종점,8:10
250000701,07월 01일,일반형시내버스,평일,2,구곡폭포종점,후평동종점,9:10
250000701,07월 01일,일반형시내버스,평일,2,구곡폭포종점,후평동종점,11:00
250000701,07월 01일,일반형시내버스,평일,2,구곡폭포종점,후평동종점,11:55
250000701,07월 01일,일반형시내버스,평일,2,구곡폭포종점,후평동종점,13:45
250000701,07월 01일,일반형시내버스,평일,2,구곡폭포종점,후평동종점,14:40
250000701,07월 01일,일반형시내버스,평일,2,구곡폭포종점,후평동종점,16:30
250000701,07월 01일,일반형시내버스,평일,2,구곡폭포종점,후평동종점,17:25
250000701,07월 01일,일반형시내버스,평일,2,구곡폭포종점,후평동종점,19:15
250000701,07월 01일,일반형시내버스,평일,2,구곡폭포종점,후평동종점,20:15
250000701,07월 01일,일반형시내버스,평일,2,구곡폭포종점,후평동종점,22:00
250000702,7-1(창촌농공단지경유),일반형시내버스,토요일,1,후평동종점,구곡폭포종점,7:10
250000702,7-1(창촌농공단지경유),일반형시내버스,평일,1,후평동종점,구곡폭포종점,7:10
250000702,7-1(창촌농공단지경유),일반형시내버스,휴일,1,후평동종점,구곡폭포종점,7:10
250000705,07월 02일,일반형시내버스,평일,1,바이오산업진흥원,구곡폭포종점,9:25
250000705,07월 02일,일반형시내버스,평일,1,바이오산업진흥원,구곡폭포종점,12:10
250000705,07월 02일,일반형시내버스,평일,1,바이오산업진흥원,구곡폭포종점,14:55
250000705,07월 02일,일반형시내버스,평일,1,바이오산업진흥원,구곡폭포종점,17:40
250000705,07월 02일,일반형시내버스,평일,2,구곡폭포종점,바이오산업진흥원,10:30
250000705,07월 02일,일반형시내버스,평일,2,구곡폭포종점,바이오산업진흥원,13:15
250000705,07월 02일,일반형시내버스,평일,2,구곡폭포종점,바이오산업진흥원,16:00
250000705,07월 02일,일반형시내버스,평일,2,구곡폭포종점,바이오산업진흥원,18:45
250000708,7-2(칠전동경유),일반형시내버스,평일,1,바이오산업진흥원,구곡폭포종점,6:40
250000708,7-2(칠전동경유),일반형시내버스,평일,1,바이오산업진흥원,구곡폭포종점,20:25
250000708,7-2(칠전동경유),일반형시내버스,평일,2,구곡폭포종점,바이오산업진흥원,7:45
250000708,7-2(칠전동경유),일반형시내버스,평일,2,구곡폭포종점,바이오산업진흥원,21:30
250000706,07월 03일,일반형시내버스,평일,1,후평동종점,칠전대우A,12:10
250000704,7-S,일반형시내버스,평일,1,구곡폭포종점,춘천여고앞,6:25
250000800,8,일반형시내버스,평일,1,바이오산업진흥원,청와A,9:45
250000800,8,일반형시내버스,평일,1,바이오산업진흥원,청와A,12:35
250000800,8,일반형시내버스,평일,1,바이오산업진흥원,청와A,15:35
250000800,8,일반형시내버스,평일,1,바이오산업진흥원,청와A,18:35
250000800,8,일반형시내버스,평일,1,바이오산업진흥원,청와A,21:20
250000801,08월 01일,일반형시내버스,평일,1,바이오산업진흥원,번개시장,5:30
250000801,08월 01일,일반형시내버스,평일,1,바이오산업진흥원,번개시장,8:15
250000801,08월 01일,일반형시내버스,평일,1,바이오산업진흥원,번개시장,11:10
250000801,08월 01일,일반형시내버스,평일,1,바이오산업진흥원,번개시장,14:10
250000801,08월 01일,일반형시내버스,평일,1,바이오산업진흥원,번개시장,17:05
250000801,08월 01일,일반형시내버스,평일,1,바이오산업진흥원,번개시장,20:00
250000802,8-S,일반형시내버스,평일,1,바이오산업진흥원,강원고앞,6:50
250000900,9,일반형시내버스,토요일,1,후평동종점,춘천댐종점,5:20
250000900,9,일반형시내버스,토요일,1,후평동종점,춘천댐종점,6:10
250000900,9,일반형시내버스,토요일,1,후평동종점,춘천댐종점,6:30
250000900,9,일반형시내버스,토요일,1,후평동종점,춘천댐종점,7:10
250000900,9,일반형시내버스,토요일,1,후평동종점,춘천댐종점,7:50
250000900,9,일반형시내버스,토요일,1,후평동종점,춘천댐종점,8:30
250000900,9,일반형시내버스,토요일,1,후평동종점,춘천댐종점,9:10
250000900,9,일반형시내버스,토요일,1,후평동종점,춘천댐종점,10:00
250000900,9,일반형시내버스,토요일,1,후평동종점,춘천댐종점,10:50
250000900,9,일반형시내버스,토요일,1,후평동종점,춘천댐종점,11:40
250000900,9,일반형시내버스,토요일,1,후평동종점,춘천댐종점,12:30
250000900,9,일반형시내버스,토요일,1,후평동종점,춘천댐종점,13:10
250000900,9,일반형시내버스,토요일,1,후평동종점,춘천댐종점,13:50
250000900,9,일반형시내버스,토요일,1,후평동종점,춘천댐종점,14:30
250000900,9,일반형시내버스,토요일,1,후평동종점,춘천댐종점,15:10
250000900,9,일반형시내버스,토요일,1,후평동종점,춘천댐종점,15:50
250000900,9,일반형시내버스,토요일,1,후평동종점,춘천댐종점,16:30
250000900,9,일반형시내버스,토요일,1,후평동종점,춘천댐종점,17:10
250000900,9,일반형시내버스,토요일,1,후평동종점,춘천댐종점,17:50
250000900,9,일반형시내버스,토요일,1,후평동종점,춘천댐종점,18:30
250000900,9,일반형시내버스,토요일,1,후평동종점,춘천댐종점,19:10
250000900,9,일반형시내버스,토요일,1,후평동종점,춘천댐종점,19:50
250000900,9,일반형시내버스,토요일,1,후평동종점,춘천댐종점,20:30
250000900,9,일반형시내버스,토요일,1,후평동종점,춘천댐종점,21:20
250000900,9,일반형시내버스,평일,1,후평동종점,춘천댐종점,5:20
250000900,9,일반형시내버스,평일,1,후평동종점,춘천댐종점,6:30
250000900,9,일반형시내버스,평일,1,후평동종점,춘천댐종점,7:50
250000900,9,일반형시내버스,평일,1,후평동종점,춘천댐종점,9:20
250000900,9,일반형시내버스,평일,1,후평동종점,춘천댐종점,10:40
250000900,9,일반형시내버스,평일,1,후평동종점,춘천댐종점,12:00
250000900,9,일반형시내버스,평일,1,후평동종점,춘천댐종점,13:20
250000900,9,일반형시내버스,평일,1,후평동종점,춘천댐종점,14:40
250000900,9,일반형시내버스,평일,1,후평동종점,춘천댐종점,15:20
250000900,9,일반형시내버스,평일,1,후평동종점,춘천댐종점,16:00
250000900,9,일반형시내버스,평일,1,후평동종점,춘천댐종점,17:20
250000900,9,일반형시내버스,평일,1,후평동종점,춘천댐종점,18:00
250000900,9,일반형시내버스,평일,1,후평동종점,춘천댐종점,18:40
250000900,9,일반형시내버스,평일,1,후평동종점,춘천댐종점,20:00
250000900,9,일반형시내버스,평일,1,후평동종점,춘천댐종점,20:40
250000900,9,일반형시내버스,평일,1,후평동종점,춘천댐종점,21:20
250000900,9,일반형시내버스,평일,2,춘천댐종점,후평동종점,6:20
250000900,9,일반형시내버스,평일,2,춘천댐종점,후평동종점,7:20
250000900,9,일반형시내버스,평일,2,춘천댐종점,후평동종점,9:00
250000900,9,일반형시내버스,평일,2,춘천댐종점,후평동종점,10:20
250000900,9,일반형시내버스,평일,2,춘천댐종점,후평동종점,11:40
250000900,9,일반형시내버스,평일,2,춘천댐종점,후평동종점,13:00
250000900,9,일반형시내버스,평일,2,춘천댐종점,후평동종점,14:20
250000900,9,일반형시내버스,평일,2,춘천댐종점,후평동종점,15:40
250000900,9,일반형시내버스,평일,2,춘천댐종점,후평동종점,16:20
250000900,9,일반형시내버스,평일,2,춘천댐종점,후평동종점,17:00
250000900,9,일반형시내버스,평일,2,춘천댐종점,후평동종점,18:20
250000900,9,일반형시내버스,평일,2,춘천댐종점,후평동종점,19:00
250000900,9,일반형시내버스,평일,2,춘천댐종점,후평동종점,19:40
250000900,9,일반형시내버스,평일,2,춘천댐종점,후평동종점,21:00
250000900,9,일반형시내버스,평일,2,춘천댐종점,후평동종점,21:40
250000900,9,일반형시내버스,평일,2,춘천댐종점,후평동종점,22:20
250000900,9,일반형시내버스,휴일,1,후평동종점,춘천댐종점,5:20
250000900,9,일반형시내버스,휴일,1,후평동종점,춘천댐종점,6:10
250000900,9,일반형시내버스,휴일,1,후평동종점,춘천댐종점,6:30
250000900,9,일반형시내버스,휴일,1,후평동종점,춘천댐종점,7:10
250000900,9,일반형시내버스,휴일,1,후평동종점,춘천댐종점,7:50
250000900,9,일반형시내버스,휴일,1,후평동종점,춘천댐종점,8:30
250000900,9,일반형시내버스,휴일,1,후평동종점,춘천댐종점,9:10
250000900,9,일반형시내버스,휴일,1,후평동종점,춘천댐종점,10:00
250000900,9,일반형시내버스,휴일,1,후평동종점,춘천댐종점,10:50
250000900,9,일반형시내버스,휴일,1,후평동종점,춘천댐종점,11:40
250000900,9,일반형시내버스,휴일,1,후평동종점,춘천댐종점,12:30
250000900,9,일반형시내버스,휴일,1,후평동종점,춘천댐종점,13:10
250000900,9,일반형시내버스,휴일,1,후평동종점,춘천댐종점,13:50
250000900,9,일반형시내버스,휴일,1,후평동종점,춘천댐종점,14:30
250000900,9,일반형시내버스,휴일,1,후평동종점,춘천댐종점,15:10
250000900,9,일반형시내버스,휴일,1,후평동종점,춘천댐종점,15:50
250000900,9,일반형시내버스,휴일,1,후평동종점,춘천댐종점,16:30
250000900,9,일반형시내버스,휴일,1,후평동종점,춘천댐종점,17:10
250000900,9,일반형시내버스,휴일,1,후평동종점,춘천댐종점,17:50
250000900,9,일반형시내버스,휴일,1,후평동종점,춘천댐종점,18:30
250000900,9,일반형시내버스,휴일,1,후평동종점,춘천댐종점,19:10
250000900,9,일반형시내버스,휴일,1,후평동종점,춘천댐종점,19:50
250000900,9,일반형시내버스,휴일,1,후평동종점,춘천댐종점,20:30
250000900,9,일반형시내버스,휴일,1,후평동종점,춘천댐종점,21:20
250090101,901(기점군자리),일반형시내버스,평일,1,후평동종점,굴지리종점,11:35
250090101,901(기점군자리),일반형시내버스,평일,2,굴지리종점,후평동종점,13:00
250090100,901(종점군자리),일반형시내버스,평일,1,후평동종점,굴지리종점,6:00
250090100,901(종점군자리),일반형시내버스,평일,2,굴지리종점,후평동종점,7:30
250090200,902(대학병원노선),일반형시내버스,평일,1,후평동종점,가정리종점,6:00
250090200,902(대학병원노선),일반형시내버스,평일,1,후평동종점,가정리종점,12:20
250090200,902(대학병원노선),일반형시내버스,평일,2,가정리종점,후평동종점,7:20
250090200,902(대학병원노선),일반형시내버스,평일,2,가정리종점,후평동종점,13:50
250090300,903(종점산수1리),일반형시내버스,평일,1,후평동종점,한덕리,6:15
250090300,903(종점산수1리),일반형시내버스,평일,1,후평동종점,한덕리,11:40
250090300,903(종점산수1리),일반형시내버스,평일,2,한덕리,후평동종점,7:40
250090300,903(종점산수1리),일반형시내버스,평일,2,한덕리,후평동종점,13:20
250090400,904(종점당림리),일반형시내버스,평일,1,후평동종점,백양2리종점,6:10
250090400,904(종점당림리),일반형시내버스,평일,1,후평동종점,백양2리종점,12:30
250090400,904(종점당림리),일반형시내버스,평일,2,백양2리종점,후평동종점,7:50
250090400,904(종점당림리),일반형시내버스,평일,2,백양2리종점,후평동종점,14:00
250090500,905(대학병원노선),일반형시내버스,평일,1,후평동종점,오탄2리종점,6:20
250090500,905(대학병원노선),일반형시내버스,평일,1,후평동종점,오탄2리종점,11:40
250090500,905(대학병원노선),일반형시내버스,평일,2,오탄2리종점,후평동종점,7:30
250090500,905(대학병원노선),일반형시내버스,평일,2,오탄2리종점,후평동종점,13:00
250090601,906(기점송암리),일반형시내버스,평일,1,후평동종점,양통종점,11:50
250090601,906(기점송암리),일반형시내버스,평일,2,양통종점,후평동종점,7:50
250090600,906(종점송암리),일반형시내버스,평일,1,후평동종점,양통종점,6:50
250090600,906(종점송암리),일반형시내버스,평일,2,양통종점,후평동종점,13:10
250060000,S-1,일반형시내버스,평일,1,칠전대우A,신북사거리,7:30
250060009,S-10,일반형시내버스,평일,1,천년나무A,춘천여고,7:30
250060100,S-11,일반형시내버스,평일,1,천년나무A,강원고앞,7:20
250060101,S-12,일반형시내버스,평일,1,장학LH1단지,인성병원,7:30
250060001,S-2,일반형시내버스,평일,1,칠전대우A,춘천한샘고등학교,7:30
250060002,S-3,일반형시내버스,평일,1,호반베르디움,한림대학교,7:20
250060003,S-4,일반형시내버스,평일,1,호반베르디움,신북사거리,7:30
250060004,S-5,일반형시내버스,평일,1,모아엘가그랑데,신북사거리,7:40
250060005,S-6,일반형시내버스,평일,1,한숲시티A,춘천한샘고등학교,7:30
250060006,S-7,일반형시내버스,평일,1,한진한성,춘천한샘고등학교,7:30
250060007,S-8,일반형시내버스,평일,1,모아엘가그랑데,한림대학교,7:20
250060008,S-9,일반형시내버스,평일,1,모아엘가그랑데,춘천한샘고등학교,7:30
250051700,남면1(남면101),마을버스,토요일,1,강촌역,중앙시장입구,6:15
250051700,남면1(남면101),마을버스,토요일,2,중앙시장입구,강촌역,6:50
250051700,남면1(남면101),마을버스,평일,1,강촌역,중앙시장입구,6:15
250051700,남면1(남면101),마을버스,평일,2,중앙시장입구,강촌역,6:50
250051700,남면1(남면101),마을버스,휴일,1,강촌역,중앙시장입구,6:15
250051700,남면1(남면101),마을버스,휴일,2,중앙시장입구,강촌역,6:50
250051701,남면1(남면102),마을버스,토요일,1,중앙시장입구,가정리종점,8:00
250051701,남면1(남면102),마을버스,토요일,1,중앙시장입구,가정리종점,10:30
250051701,남면1(남면102),마을버스,토요일,1,중앙시장입구,가정리종점,17:20
250051701,남면1(남면102),마을버스,토요일,2,가정리종점,중앙시장입구,9:10
250051701,남면1(남면102),마을버스,토요일,2,가정리종점,중앙시장입구,11:40
250051701,남면1(남면102),마을버스,토요일,2,가정리종점,중앙시장입구,18:30
250051701,남면1(남면102),마을버스,평일,1,중앙시장입구,가정리종점,8:00
250051701,남면1(남면102),마을버스,평일,1,중앙시장입구,가정리종점,10:30
250051701,남면1(남면102),마을버스,평일,1,중앙시장입구,가정리종점,17:20
250051701,남면1(남면102),마을버스,평일,2,가정리종점,중앙시장입구,9:10
250051701,남면1(남면102),마을버스,평일,2,가정리종점,중앙시장입구,11:40
250051701,남면1(남면102),마을버스,평일,2,가정리종점,중앙시장입구,18:30
250051701,남면1(남면102),마을버스,휴일,1,중앙시장입구,가정리종점,8:00
250051701,남면1(남면102),마을버스,휴일,1,중앙시장입구,가정리종점,10:30
250051701,남면1(남면102),마을버스,휴일,1,중앙시장입구,가정리종점,17:20
250051701,남면1(남면102),마을버스,휴일,2,가정리종점,중앙시장입구,9:10
250051701,남면1(남면102),마을버스,휴일,2,가정리종점,중앙시장입구,11:40
250051701,남면1(남면102),마을버스,휴일,2,가정리종점,중앙시장입구,18:30
250051702,남면1(남면103),마을버스,토요일,1,중앙시장입구,관천리종점,14:10
250051702,남면1(남면103),마을버스,토요일,2,관천리종점,중앙시장입구,15:40
250051702,남면1(남면103),마을버스,평일,1,중앙시장입구,관천리종점,14:10
250051702,남면1(남면103),마을버스,평일,2,관천리종점,중앙시장입구,15:40
250051702,남면1(남면103),마을버스,휴일,1,중앙시장입구,관천리종점,14:10
250051702,남면1(남면103),마을버스,휴일,2,관천리종점,중앙시장입구,15:40
250051703,남면1(남면104),마을버스,토요일,1,중앙시장입구,가정리종점,20:40
250051703,남면1(남면104),마을버스,평일,1,중앙시장입구,가정리종점,20:40
250051703,남면1(남면104),마을버스,평일,2,가정리종점,중앙시장입구,18:00
250051703,남면1(남면104),마을버스,휴일,1,중앙시장입구,가정리종점,20:40
250051800,남면2(남면201),마을버스,토요일,1,중앙시장입구,한덕리마을회관,9:50
250051800,남면2(남면201),마을버스,토요일,1,중앙시장입구,한덕리마을회관,16:40
250051800,남면2(남면201),마을버스,토요일,1,중앙시장입구,한덕리마을회관,20:00
250051800,남면2(남면201),마을버스,토요일,2,한덕리마을회관,중앙시장입구,11:00
250051800,남면2(남면201),마을버스,토요일,2,한덕리마을회관,중앙시장입구,18:00
250051800,남면2(남면201),마을버스,토요일,2,한덕리마을회관,중앙시장입구,21:10
250051800,남면2(남면201),마을버스,평일,1,중앙시장입구,한덕리마을회관,9:50
250051800,남면2(남면201),마을버스,평일,1,중앙시장입구,한덕리마을회관,16:40
250051800,남면2(남면201),마을버스,평일,1,중앙시장입구,한덕리마을회관,20:00
250051800,남면2(남면201),마을버스,평일,2,한덕리마을회관,중앙시장입구,11:00
250051800,남면2(남면201),마을버스,평일,2,한덕리마을회관,중앙시장입구,18:00
250051800,남면2(남면201),마을버스,평일,2,한덕리마을회관,중앙시장입구,21:10
250051800,남면2(남면201),마을버스,휴일,1,중앙시장입구,한덕리마을회관,9:50
250051800,남면2(남면201),마을버스,휴일,1,중앙시장입구,한덕리마을회관,16:40
250051800,남면2(남면201),마을버스,휴일,1,중앙시장입구,한덕리마을회관,20:00
250051800,남면2(남면201),마을버스,휴일,2,한덕리마을회관,중앙시장입구,11:00
250051800,남면2(남면201),마을버스,휴일,2,한덕리마을회관,중앙시장입구,18:00
250051800,남면2(남면201),마을버스,휴일,2,한덕리마을회관,중앙시장입구,21:10
250051801,남면2-1(남면202),마을버스,토요일,1,중앙시장입구,한덕리마을회관,6:45
250051801,남면2-1(남면202),마을버스,토요일,1,중앙시장입구,한덕리마을회관,13:40
250051801,남면2-1(남면202),마을버스,토요일,2,한덕리마을회관,중앙시장입구,8:10
250051801,남면2-1(남면202),마을버스,토요일,2,한덕리마을회관,중앙시장입구,15:10
250051801,남면2-1(남면202),마을버스,평일,1,중앙시장입구,한덕리마을회관,6:45
250051801,남면2-1(남면202),마을버스,평일,1,중앙시장입구,한덕리마을회관,13:40
250051801,남면2-1(남면202),마을버스,평일,2,한덕리마을회관,중앙시장입구,8:10
250051801,남면2-1(남면202),마을버스,평일,2,한덕리마을회관,중앙시장입구,15:10
250051801,남면2-1(남면202),마을버스,휴일,1,중앙시장입구,한덕리마을회관,6:45
250051801,남면2-1(남면202),마을버스,휴일,1,중앙시장입구,한덕리마을회관,13:40
250051801,남면2-1(남면202),마을버스,휴일,2,한덕리마을회관,중앙시장입구,8:10
250051801,남면2-1(남면202),마을버스,휴일,2,한덕리마을회관,중앙시장입구,15:10
250051900,남면3(남면301),마을버스,토요일,1,강촌역,중앙시장입구,6:30
250051900,남면3(남면301),마을버스,토요일,2,중앙시장입구,강촌역,7:20
250051900,남면3(남면301),마을버스,평일,1,강촌역,중앙시장입구,6:30
250051900,남면3(남면301),마을버스,평일,2,중앙시장입구,강촌역,7:20
250051900,남면3(남면301),마을버스,휴일,1,강촌역,중앙시장입구,6:30
250051900,남면3(남면301),마을버스,휴일,2,중앙시장입구,강촌역,7:20
250051901,남면3(남면302),마을버스,토요일,1,중앙시장입구,관천리종점,9:00
250051901,남면3(남면302),마을버스,토요일,1,중앙시장입구,관천리종점,15:50
250051901,남면3(남면302),마을버스,토요일,2,관천리종점,중앙시장입구,10:05
250051901,남면3(남면302),마을버스,평일,1,중앙시장입구,관천리종점,8:45
250051901,남면3(남면302),마을버스,평일,1,중앙시장입구,관천리종점,15:50
250051901,남면3(남면302),마을버스,평일,2,관천리종점,중앙시장입구,10:05
250051901,남면3(남면302),마을버스,휴일,1,중앙시장입구,관천리종점,9:00
250051901,남면3(남면302),마을버스,휴일,1,중앙시장입구,관천리종점,15:50
250051901,남면3(남면302),마을버스,휴일,2,관천리종점,중앙시장입구,10:05
250051902,남면3(남면303),마을버스,토요일,1,중앙시장입구,관천리종점,11:35
250051902,남면3(남면303),마을버스,토요일,2,관천리종점,중앙시장입구,13:15
250051902,남면3(남면303),마을버스,평일,1,중앙시장입구,관천리종점,11:35
250051902,남면3(남면303),마을버스,평일,2,관천리종점,중앙시장입구,13:15
250051902,남면3(남면303),마을버스,휴일,1,중앙시장입구,관천리종점,11:35
250051902,남면3(남면303),마을버스,휴일,2,관천리종점,중앙시장입구,13:15
250051903,남면3(남면304),마을버스,토요일,1,중앙시장입구,강촌역,19:35
250051903,남면3(남면304),마을버스,토요일,2,강촌역,중앙시장입구,21:00
250051903,남면3(남면304),마을버스,평일,1,중앙시장입구,강촌역,19:50
250051903,남면3(남면304),마을버스,평일,2,강촌역,중앙시장입구,21:00
250051903,남면3(남면304),마을버스,휴일,1,중앙시장입구,강촌역,19:35
250051903,남면3(남면304),마을버스,휴일,2,강촌역,중앙시장입구,21:00
250051904,남면3(남면305),마을버스,토요일,2,관천리종점,중앙시장입구,17:20
250051904,남면3(남면305),마을버스,평일,2,관천리종점,중앙시장입구,17:20
250051904,남면3(남면305),마을버스,휴일,2,관천리종점,중앙시장입구,17:20
250052000,남산1(남산101),마을버스,토요일,1,홈플러스,중앙시장입구,6:30
250052000,남산1(남산101),마을버스,토요일,2,중앙시장입구,홈플러스,7:05
250052000,남산1(남산101),마을버스,평일,1,홈플러스,중앙시장입구,6:30
250052000,남산1(남산101),마을버스,평일,2,중앙시장입구,홈플러스,7:05
250052000,남산1(남산101),마을버스,휴일,1,홈플러스,중앙시장입구,6:30
250052000,남산1(남산101),마을버스,휴일,2,중앙시장입구,홈플러스,7:05
250052001,남산1(남산102),마을버스,토요일,1,중앙시장입구,산수1리마을회관,8:10
250052001,남산1(남산102),마을버스,평일,1,중앙시장입구,산수1리마을회관,8:10
250052001,남산1(남산102),마을버스,휴일,1,중앙시장입구,산수1리마을회관,8:10
250052002,남산1(남산105),마을버스,토요일,1,산수1리마을회관,중앙시장입구,11:55
250052002,남산1(남산105),마을버스,평일,1,산수1리마을회관,중앙시장입구,11:55
250052002,남산1(남산105),마을버스,평일,1,산수1리마을회관,중앙시장입구,11:55
250052002,남산1(남산105),마을버스,휴일,1,산수1리마을회관,중앙시장입구,11:55
250052003,남산1(남산106),마을버스,토요일,1,중앙시장입구,산수1리마을회관,14:05
250052003,남산1(남산106),마을버스,토요일,1,중앙시장입구,산수1리마을회관,16:30
250052003,남산1(남산106),마을버스,토요일,1,중앙시장입구,산수1리마을회관,19:45
250052003,남산1(남산106),마을버스,평일,1,중앙시장입구,산수1리마을회관,14:05
250052003,남산1(남산106),마을버스,평일,1,중앙시장입구,산수1리마을회관,16:30
250052003,남산1(남산106),마을버스,평일,1,중앙시장입구,산수1리마을회관,19:45
250052003,남산1(남산106),마을버스,휴일,1,중앙시장입구,산수1리마을회관,14:05
250052003,남산1(남산106),마을버스,휴일,1,중앙시장입구,산수1리마을회관,16:30
250052003,남산1(남산106),마을버스,휴일,1,중앙시장입구,산수1리마을회관,19:45
250052003,남산1(남산106),마을버스,휴일,2,산수1리마을회관,중앙시장입구,15:15
250052003,남산1(남산106),마을버스,휴일,2,산수1리마을회관,중앙시장입구,17:35
250052003,남산1(남산106),마을버스,휴일,2,산수1리마을회관,중앙시장입구,20:45
250052004,남산1-1(남산103),마을버스,토요일,1,산수1리마을회관,중앙시장입구,9:25
250052004,남산1-1(남산103),마을버스,평일,1,산수1리마을회관,중앙시장입구,9:25
250052004,남산1-1(남산103),마을버스,휴일,1,산수1리마을회관,중앙시장입구,9:25
250052005,남산1-1(남산104),마을버스,토요일,1,중앙시장입구,산수1리마을회관,10:50
250052005,남산1-1(남산104),마을버스,평일,1,중앙시장입구,산수1리마을회관,10:50
250052005,남산1-1(남산104),마을버스,평일,2,산수1리마을회관,중앙시장입구,17:15
250052005,남산1-1(남산104),마을버스,휴일,1,중앙시장입구,산수1리마을회관,10:50
250052100,남산2(남산201),마을버스,토요일,1,중앙시장입구,두미리종점,9:00
250052100,남산2(남산201),마을버스,토요일,1,중앙시장입구,두미리종점,11:25
250052100,남산2(남산201),마을버스,토요일,1,중앙시장입구,두미리종점,14:50
250052100,남산2(남산201),마을버스,토요일,2,두미리종점,중앙시장입구,10:05
250052100,남산2(남산201),마을버스,토요일,2,두미리종점,중앙시장입구,12:35
250052100,남산2(남산201),마을버스,토요일,2,두미리종점,중앙시장입구,16:00
250052100,남산2(남산201),마을버스,평일,1,중앙시장입구,두미리종점,9:00
250052100,남산2(남산201),마을버스,평일,1,중앙시장입구,두미리종점,11:25
250052100,남산2(남산201),마을버스,평일,1,중앙시장입구,두미리종점,14:05
250052100,남산2(남산201),마을버스,평일,2,두미리종점,중앙시장입구,10:05
250052100,남산2(남산201),마을버스,평일,2,두미리종점,중앙시장입구,12:35
250052100,남산2(남산201),마을버스,평일,2,두미리종점,중앙시장입구,16:00
250052100,남산2(남산201),마을버스,휴일,1,중앙시장입구,두미리종점,9:00
250052100,남산2(남산201),마을버스,휴일,1,중앙시장입구,두미리종점,11:25
250052100,남산2(남산201),마을버스,휴일,1,중앙시장입구,두미리종점,14:50
250052100,남산2(남산201),마을버스,휴일,2,두미리종점,중앙시장입구,10:05
250052100,남산2(남산201),마을버스,휴일,2,두미리종점,중앙시장입구,12:35
250052100,남산2(남산201),마을버스,휴일,2,두미리종점,중앙시장입구,16:00
250052101,남산2(남산202),마을버스,토요일,1,중앙시장입구,홈플러스,20:35
250052101,남산2(남산202),마을버스,토요일,2,홈플러스,중앙시장입구,21:40
250052101,남산2(남산202),마을버스,평일,1,중앙시장입구,홈플러스,20:35
250052101,남산2(남산202),마을버스,평일,2,홈플러스,중앙시장입구,21:40
250052101,남산2(남산202),마을버스,휴일,1,중앙시장입구,홈플러스,20:35
250052101,남산2(남산202),마을버스,휴일,2,홈플러스,중앙시장입구,21:40
250052102,남산2-1(남산203),마을버스,토요일,1,홈플러스,중앙시장입구,6:35
250052102,남산2-1(남산203),마을버스,토요일,2,중앙시장입구,홈플러스,7:30
250052102,남산2-1(남산203),마을버스,평일,1,홈플러스,중앙시장입구,6:35
250052102,남산2-1(남산203),마을버스,평일,2,중앙시장입구,홈플러스,7:30
250052102,남산2-1(남산203),마을버스,휴일,1,홈플러스,중앙시장입구,6:35
250052102,남산2-1(남산203),마을버스,휴일,2,중앙시장입구,홈플러스,7:30
250052103,남산2-1(남산204),마을버스,토요일,1,중앙시장입구,두미리종점,17:10
250052103,남산2-1(남산204),마을버스,토요일,2,두미리종점,중앙시장입구,18:30
250052103,남산2-1(남산204),마을버스,평일,1,중앙시장입구,두미리종점,17:10
250052103,남산2-1(남산204),마을버스,평일,2,두미리종점,중앙시장입구,18:30
250052103,남산2-1(남산204),마을버스,휴일,1,중앙시장입구,두미리종점,17:10
250052103,남산2-1(남산204),마을버스,휴일,2,두미리종점,중앙시장입구,18:30
250052200,남산3(남산301),마을버스,토요일,1,강촌역,수동1리종점,6:45
250052200,남산3(남산301),마을버스,토요일,2,수동1리종점,강촌역,7:05
250052200,남산3(남산301),마을버스,평일,1,강촌역,수동1리종점,6:45
250052200,남산3(남산301),마을버스,평일,2,수동1리종점,강촌역,7:05
250052200,남산3(남산301),마을버스,휴일,1,강촌역,수동1리종점,6:45
250052200,남산3(남산301),마을버스,휴일,2,수동1리종점,강촌역,7:05
250052201,남산3(남산302),마을버스,토요일,1,강촌역,중앙시장입구,7:35
250052201,남산3(남산302),마을버스,토요일,2,중앙시장입구,강촌역,7:55
250052201,남산3(남산302),마을버스,평일,1,강촌역,중앙시장입구,7:35
250052201,남산3(남산302),마을버스,평일,2,중앙시장입구,강촌역,7:55
250052201,남산3(남산302),마을버스,휴일,1,강촌역,중앙시장입구,7:35
250052201,남산3(남산302),마을버스,휴일,2,중앙시장입구,강촌역,7:55
250052202,남산3(남산303),마을버스,토요일,1,중앙시장입구,수동1리종점,9:20
250052202,남산3(남산303),마을버스,토요일,2,수동1리종점,중앙시장입구,10:20
250052202,남산3(남산303),마을버스,평일,1,중앙시장입구,수동1리종점,9:20
250052202,남산3(남산303),마을버스,평일,2,수동1리종점,중앙시장입구,10:20
250052202,남산3(남산303),마을버스,휴일,1,중앙시장입구,수동1리종점,9:20
250052202,남산3(남산303),마을버스,휴일,2,수동1리종점,중앙시장입구,10:20
250052203,남산3(남산304),마을버스,토요일,1,중앙시장입구,수동1리종점,11:40
250052203,남산3(남산304),마을버스,토요일,2,수동1리종점,중앙시장입구,12:40
250052203,남산3(남산304),마을버스,평일,1,중앙시장입구,수동1리종점,11:40
250052203,남산3(남산304),마을버스,평일,2,수동1리종점,중앙시장입구,12:40
250052203,남산3(남산304),마을버스,휴일,1,중앙시장입구,수동1리종점,11:40
250052203,남산3(남산304),마을버스,휴일,2,수동1리종점,중앙시장입구,12:40
250052204,남산3(남산305),마을버스,토요일,1,중앙시장입구,강촌역,15:00
250052204,남산3(남산305),마을버스,토요일,2,강촌역,중앙시장입구,15:55
250052204,남산3(남산305),마을버스,평일,1,중앙시장입구,강촌역,15:00
250052204,남산3(남산305),마을버스,평일,2,강촌역,중앙시장입구,15:55
250052204,남산3(남산305),마을버스,휴일,1,중앙시장입구,강촌역,15:00
250052204,남산3(남산305),마을버스,휴일,2,강촌역,중앙시장입구,15:55
250052205,남산3(남산306),마을버스,토요일,1,강촌역,중앙시장입구,16:35
250052205,남산3(남산306),마을버스,토요일,2,중앙시장입구,강촌역,16:55
250052205,남산3(남산306),마을버스,평일,1,강촌역,중앙시장입구,16:35
250052205,남산3(남산306),마을버스,평일,2,중앙시장입구,강촌역,16:55
250052205,남산3(남산306),마을버스,휴일,1,강촌역,중앙시장입구,16:35
250052205,남산3(남산306),마을버스,휴일,2,중앙시장입구,강촌역,16:55
250052206,남산3(남산307),마을버스,토요일,1,중앙시장입구,수동1리종점,19:00
250052206,남산3(남산307),마을버스,토요일,2,수동1리종점,중앙시장입구,19:55
250052206,남산3(남산307),마을버스,평일,1,중앙시장입구,수동1리종점,19:00
250052206,남산3(남산307),마을버스,평일,2,수동1리종점,중앙시장입구,19:55
250052206,남산3(남산307),마을버스,휴일,1,중앙시장입구,수동1리종점,19:00
250052206,남산3(남산307),마을버스,휴일,2,수동1리종점,중앙시장입구,19:55
250052207,남산3(남산308),마을버스,토요일,1,중앙시장입구,강촌역,21:00
250052207,남산3(남산308),마을버스,토요일,2,강촌역,중앙시장입구,21:45
250052207,남산3(남산308),마을버스,평일,1,중앙시장입구,강촌역,21:00
250052207,남산3(남산308),마을버스,평일,2,강촌역,중앙시장입구,21:45
250052207,남산3(남산308),마을버스,휴일,1,중앙시장입구,강촌역,21:00
250052207,남산3(남산308),마을버스,휴일,2,강촌역,중앙시장입구,21:45
250052400,남산5(남산501),마을버스,토요일,1,중앙시장입구,백양2리종점,6:20
250052400,남산5(남산501),마을버스,토요일,2,백양2리종점,중앙시장입구,7:30
250052400,남산5(남산501),마을버스,평일,1,중앙시장입구,백양2리종점,6:20
250052400,남산5(남산501),마을버스,평일,2,백양2리종점,중앙시장입구,7:30
250052400,남산5(남산501),마을버스,휴일,1,중앙시장입구,백양2리종점,6:20
250052400,남산5(남산501),마을버스,휴일,2,백양2리종점,중앙시장입구,7:30
250052401,남산5(남산502),마을버스,토요일,1,중앙시장입구,백양2리종점,8:55
250052401,남산5(남산502),마을버스,토요일,1,중앙시장입구,백양2리종점,11:25
250052401,남산5(남산502),마을버스,토요일,1,중앙시장입구,백양2리종점,15:00
250052401,남산5(남산502),마을버스,토요일,2,백양2리종점,중앙시장입구,10:00
250052401,남산5(남산502),마을버스,토요일,2,백양2리종점,중앙시장입구,12:30
250052401,남산5(남산502),마을버스,토요일,2,백양2리종점,중앙시장입구,16:05
250052401,남산5(남산502),마을버스,평일,1,중앙시장입구,백양2리종점,8:55
250052401,남산5(남산502),마을버스,평일,1,중앙시장입구,백양2리종점,11:25
250052401,남산5(남산502),마을버스,평일,1,중앙시장입구,백양2리종점,15:00
250052401,남산5(남산502),마을버스,평일,2,백양2리종점,중앙시장입구,10:00
250052401,남산5(남산502),마을버스,평일,2,백양2리종점,중앙시장입구,12:30
250052401,남산5(남산502),마을버스,평일,2,백양2리종점,중앙시장입구,16:05
250052401,남산5(남산502),마을버스,휴일,1,중앙시장입구,백양2리종점,8:55
250052401,남산5(남산502),마을버스,휴일,1,중앙시장입구,백양2리종점,11:25
250052401,남산5(남산502),마을버스,휴일,1,중앙시장입구,백양2리종점,15:00
250052401,남산5(남산502),마을버스,휴일,2,백양2리종점,중앙시장입구,10:00
250052401,남산5(남산502),마을버스,휴일,2,백양2리종점,중앙시장입구,12:30
250052401,남산5(남산502),마을버스,휴일,2,백양2리종점,중앙시장입구,16:05
250052402,남산5(남산503),마을버스,토요일,1,중앙시장입구,백양2리종점,18:20
250052402,남산5(남산503),마을버스,토요일,2,백양2리종점,중앙시장입구,19:35
250052402,남산5(남산503),마을버스,평일,1,중앙시장입구,백양2리종점,18:20
250052402,남산5(남산503),마을버스,평일,2,백양2리종점,중앙시장입구,19:35
250052402,남산5(남산503),마을버스,휴일,1,중앙시장입구,백양2리종점,18:20
250052402,남산5(남산503),마을버스,휴일,2,백양2리종점,중앙시장입구,19:35
250052403,남산5(남산504),마을버스,토요일,1,중앙시장입구,백양2리종점,21:05
250052403,남산5(남산504),마을버스,평일,1,중앙시장입구,백양2리종점,21:05
250052403,남산5(남산504),마을버스,휴일,1,중앙시장입구,백양2리종점,21:05
250053100,동내1(동내101),마을버스,토요일,1,중앙로입구,거두리부영A,6:10
250053100,동내1(동내101),마을버스,토요일,1,중앙로입구,거두리부영A,14:30
250053100,동내1(동내101),마을버스,평일,1,중앙로입구,거두리부영A,6:10
250053100,동내1(동내101),마을버스,평일,1,중앙로입구,거두리부영A,14:30
250053100,동내1(동내101),마을버스,휴일,1,중앙로입구,거두리부영A,6:10
250053100,동내1(동내101),마을버스,휴일,1,중앙로입구,거두리부영A,14:30
250053101,동내1(동내102),마을버스,토요일,1,초록지붕A,거두리부영A,7:10
250053101,동내1(동내102),마을버스,토요일,2,거두리부영A,초록지붕A,8:00
250053101,동내1(동내102),마을버스,평일,1,초록지붕A,거두리부영A,7:10
250053101,동내1(동내102),마을버스,평일,2,거두리부영A,초록지붕A,8:00
250053101,동내1(동내102),마을버스,휴일,1,초록지붕A,거두리부영A,7:10
250053101,동내1(동내102),마을버스,휴일,2,거두리부영A,초록지붕A,8:00
250053102,동내1(동내103),마을버스,토요일,1,초록지붕A,거두리부영A,9:15
250053102,동내1(동내103),마을버스,토요일,1,초록지붕A,거두리부영A,11:20
250053102,동내1(동내103),마을버스,토요일,1,초록지붕A,거두리부영A,15:25
250053102,동내1(동내103),마을버스,토요일,1,초록지붕A,거두리부영A,17:30
250053102,동내1(동내103),마을버스,토요일,1,초록지붕A,거두리부영A,20:35
250053102,동내1(동내103),마을버스,토요일,2,거두리부영A,초록지붕A,10:25
250053102,동내1(동내103),마을버스,토요일,2,거두리부영A,초록지붕A,12:25
250053102,동내1(동내103),마을버스,토요일,2,거두리부영A,초록지붕A,16:35
250053102,동내1(동내103),마을버스,토요일,2,거두리부영A,초록지붕A,19:40
250053102,동내1(동내103),마을버스,토요일,2,거두리부영A,초록지붕A,21:40
250053102,동내1(동내103),마을버스,평일,1,초록지붕A,거두리부영A,9:15
250053102,동내1(동내103),마을버스,평일,1,초록지붕A,거두리부영A,11:20
250053102,동내1(동내103),마을버스,평일,1,초록지붕A,거두리부영A,15:25
250053102,동내1(동내103),마을버스,평일,1,초록지붕A,거두리부영A,17:30
250053102,동내1(동내103),마을버스,평일,1,초록지붕A,거두리부영A,20:35
250053102,동내1(동내103),마을버스,평일,2,거두리부영A,초록지붕A,10:25
250053102,동내1(동내103),마을버스,평일,2,거두리부영A,초록지붕A,12:25
250053102,동내1(동내103),마을버스,평일,2,거두리부영A,초록지붕A,16:35
250053102,동내1(동내103),마을버스,평일,2,거두리부영A,초록지붕A,19:40
250053102,동내1(동내103),마을버스,평일,2,거두리부영A,초록지붕A,21:40
250053102,동내1(동내103),마을버스,휴일,1,초록지붕A,거두리부영A,9:15
250053102,동내1(동내103),마을버스,휴일,1,초록지붕A,거두리부영A,11:20
250053102,동내1(동내103),마을버스,휴일,1,초록지붕A,거두리부영A,15:25
250053102,동내1(동내103),마을버스,휴일,1,초록지붕A,거두리부영A,17:30
250053102,동내1(동내103),마을버스,휴일,1,초록지붕A,거두리부영A,20:35
250053102,동내1(동내103),마을버스,휴일,2,거두리부영A,초록지붕A,10:25
250053102,동내1(동내103),마을버스,휴일,2,거두리부영A,초록지붕A,12:25
250053102,동내1(동내103),마을버스,휴일,2,거두리부영A,초록지붕A,16:35
250053102,동내1(동내103),마을버스,휴일,2,거두리부영A,초록지붕A,19:40
250053102,동내1(동내103),마을버스,휴일,2,거두리부영A,초록지붕A,21:40
250053200,동내2(동내201),마을버스,토요일,1,거두농공단지종점,거두리부영A,6:25
250053200,동내2(동내201),마을버스,평일,1,거두농공단지종점,거두리부영A,6:25
250053200,동내2(동내201),마을버스,휴일,1,거두농공단지종점,거두리부영A,6:25
250053201,동내2(동내202),마을버스,토요일,1,중앙시장입구,거두농공단지종점,8:00
250053201,동내2(동내202),마을버스,토요일,1,중앙시장입구,거두농공단지종점,9:35
250053201,동내2(동내202),마을버스,토요일,1,중앙시장입구,거두농공단지종점,11:10
250053201,동내2(동내202),마을버스,토요일,1,중앙시장입구,거두농공단지종점,15:25
250053201,동내2(동내202),마을버스,토요일,1,중앙시장입구,거두농공단지종점,17:25
250053201,동내2(동내202),마을버스,토요일,2,거두농공단지종점,중앙시장입구,8:45
250053201,동내2(동내202),마을버스,토요일,2,거두농공단지종점,중앙시장입구,10:15
250053201,동내2(동내202),마을버스,토요일,2,거두농공단지종점,중앙시장입구,12:00
250053201,동내2(동내202),마을버스,토요일,2,거두농공단지종점,중앙시장입구,16:20
250053201,동내2(동내202),마을버스,토요일,2,거두농공단지종점,중앙시장입구,18:20
250053201,동내2(동내202),마을버스,평일,1,중앙시장입구,거두농공단지종점,8:00
250053201,동내2(동내202),마을버스,평일,1,중앙시장입구,거두농공단지종점,9:35
250053201,동내2(동내202),마을버스,평일,1,중앙시장입구,거두농공단지종점,11:10
250053201,동내2(동내202),마을버스,평일,1,중앙시장입구,거두농공단지종점,15:25
250053201,동내2(동내202),마을버스,평일,1,중앙시장입구,거두농공단지종점,17:25
250053201,동내2(동내202),마을버스,평일,2,거두농공단지종점,중앙시장입구,8:45
250053201,동내2(동내202),마을버스,평일,2,거두농공단지종점,중앙시장입구,10:15
250053201,동내2(동내202),마을버스,평일,2,거두농공단지종점,중앙시장입구,12:00
250053201,동내2(동내202),마을버스,평일,2,거두농공단지종점,중앙시장입구,16:20
250053201,동내2(동내202),마을버스,평일,2,거두농공단지종점,중앙시장입구,18:20
250053201,동내2(동내202),마을버스,휴일,1,중앙시장입구,거두농공단지종점,8:00
250053201,동내2(동내202),마을버스,휴일,1,중앙시장입구,거두농공단지종점,9:35
250053201,동내2(동내202),마을버스,휴일,1,중앙시장입구,거두농공단지종점,11:10
250053201,동내2(동내202),마을버스,휴일,1,중앙시장입구,거두농공단지종점,15:25
250053201,동내2(동내202),마을버스,휴일,1,중앙시장입구,거두농공단지종점,17:25
250053201,동내2(동내202),마을버스,휴일,2,거두농공단지종점,중앙시장입구,8:45
250053201,동내2(동내202),마을버스,휴일,2,거두농공단지종점,중앙시장입구,10:15
250053201,동내2(동내202),마을버스,휴일,2,거두농공단지종점,중앙시장입구,12:00
250053201,동내2(동내202),마을버스,휴일,2,거두농공단지종점,중앙시장입구,16:20
250053201,동내2(동내202),마을버스,휴일,2,거두농공단지종점,중앙시장입구,18:20
250053204,동내2(동내205),마을버스,토요일,1,석사삼익A,중앙시장입구,14:00
250053204,동내2(동내205),마을버스,토요일,2,중앙시장입구,석사삼익A,14:20
250053204,동내2(동내205),마을버스,평일,1,석사삼익A,중앙시장입구,14:00
250053204,동내2(동내205),마을버스,평일,2,중앙시장입구,석사삼익A,14:20
250053204,동내2(동내205),마을버스,휴일,1,석사삼익A,중앙시장입구,14:00
250053204,동내2(동내205),마을버스,휴일,2,중앙시장입구,석사삼익A,14:20
250053202,동내2-1(동내203),마을버스,토요일,1,중앙시장입구,거두리부영A,20:25
250053202,동내2-1(동내203),마을버스,토요일,2,거두리부영A,중앙시장입구,21:20
250053202,동내2-1(동내203),마을버스,평일,1,중앙시장입구,거두리부영A,20:25
250053202,동내2-1(동내203),마을버스,평일,1,중앙시장입구,거두리부영A,20:25
250053202,동내2-1(동내203),마을버스,평일,1,중앙시장입구,거두리부영A,20:25
250053202,동내2-1(동내203),마을버스,평일,2,거두리부영A,중앙시장입구,21:20
250053202,동내2-1(동내203),마을버스,휴일,1,중앙시장입구,거두리부영A,20:25
250053202,동내2-1(동내203),마을버스,휴일,2,거두리부영A,중앙시장입구,21:20
250053203,동내2-1(동내204),마을버스,토요일,1,석사삼익A,거두리부영A,21:40
250053203,동내2-1(동내204),마을버스,토요일,2,거두리부영A,석사삼익A,22:00
250053203,동내2-1(동내204),마을버스,평일,1,석사삼익A,거두리부영A,21:40
250053203,동내2-1(동내204),마을버스,평일,2,거두리부영A,석사삼익A,22:00
250053203,동내2-1(동내204),마을버스,휴일,1,석사삼익A,거두리부영A,21:40
250053203,동내2-1(동내204),마을버스,휴일,2,거두리부영A,석사삼익A,22:00
250053300,동내3(동내301),마을버스,토요일,1,석사삼익A,거두리부영A,6:10
250053300,동내3(동내301),마을버스,토요일,2,거두리부영A,석사삼익A,6:25
250053300,동내3(동내301),마을버스,평일,1,석사삼익A,거두리부영A,6:10
250053300,동내3(동내301),마을버스,평일,2,거두리부영A,석사삼익A,6:25
250053300,동내3(동내301),마을버스,휴일,1,석사삼익A,거두리부영A,6:10
250053300,동내3(동내301),마을버스,휴일,2,거두리부영A,석사삼익A,6:25
250053301,동내3(동내302),마을버스,토요일,1,석사삼익A,중앙시장입구,6:45
250053301,동내3(동내302),마을버스,토요일,2,중앙시장입구,석사삼익A,7:00
250053301,동내3(동내302),마을버스,평일,1,석사삼익A,중앙시장입구,6:45
250053301,동내3(동내302),마을버스,평일,2,중앙시장입구,석사삼익A,7:00
250053301,동내3(동내302),마을버스,휴일,1,석사삼익A,중앙시장입구,6:45
250053301,동내3(동내302),마을버스,휴일,2,중앙시장입구,석사삼익A,7:00
250053302,동내3(동내303),마을버스,토요일,1,중앙시장입구,고은리종점,9:30
250053302,동내3(동내303),마을버스,토요일,2,고은리종점,중앙시장입구,10:05
250053302,동내3(동내303),마을버스,평일,1,중앙시장입구,고은리종점,9:30
250053302,동내3(동내303),마을버스,평일,2,고은리종점,중앙시장입구,10:05
250053302,동내3(동내303),마을버스,휴일,1,중앙시장입구,고은리종점,9:30
250053302,동내3(동내303),마을버스,휴일,2,고은리종점,중앙시장입구,10:05
250053303,동내3(동내304),마을버스,토요일,1,중앙시장입구,거두리부영A,11:00
250053303,동내3(동내304),마을버스,토요일,2,거두리부영A,중앙시장입구,11:35
250053303,동내3(동내304),마을버스,평일,1,중앙시장입구,거두리부영A,11:00
250053303,동내3(동내304),마을버스,평일,2,거두리부영A,중앙시장입구,11:35
250053303,동내3(동내304),마을버스,휴일,1,중앙시장입구,거두리부영A,11:00
250053303,동내3(동내304),마을버스,휴일,2,거두리부영A,중앙시장입구,11:35
250053307,동내3(동내307),마을버스,토요일,1,중앙시장입구,고은리종점,7:50
250053307,동내3(동내307),마을버스,토요일,2,고은리종점,중앙시장입구,8:25
250053307,동내3(동내307),마을버스,평일,1,중앙시장입구,고은리종점,7:50
250053307,동내3(동내307),마을버스,평일,2,고은리종점,중앙시장입구,8:25
250053307,동내3(동내307),마을버스,휴일,1,중앙시장입구,고은리종점,7:50
250053307,동내3(동내307),마을버스,휴일,2,고은리종점,중앙시장입구,8:25
250053304,동내3-1(동내305),마을버스,토요일,1,중앙시장입구,고은리종점,13:00
250053304,동내3-1(동내305),마을버스,토요일,1,중앙시장입구,고은리종점,14:50
250053304,동내3-1(동내305),마을버스,토요일,1,중앙시장입구,고은리종점,16:25
250053304,동내3-1(동내305),마을버스,토요일,1,중앙시장입구,고은리종점,18:00
250053304,동내3-1(동내305),마을버스,토요일,2,고은리종점,중앙시장입구,13:40
250053304,동내3-1(동내305),마을버스,토요일,2,고은리종점,중앙시장입구,15:30
250053304,동내3-1(동내305),마을버스,토요일,2,고은리종점,중앙시장입구,17:05
250053304,동내3-1(동내305),마을버스,토요일,2,고은리종점,중앙시장입구,18:45
250053304,동내3-1(동내305),마을버스,평일,1,중앙시장입구,고은리종점,13:00
250053304,동내3-1(동내305),마을버스,평일,1,중앙시장입구,고은리종점,14:50
250053304,동내3-1(동내305),마을버스,평일,1,중앙시장입구,고은리종점,16:25
250053304,동내3-1(동내305),마을버스,평일,1,중앙시장입구,고은리종점,18:00
250053304,동내3-1(동내305),마을버스,평일,2,고은리종점,중앙시장입구,13:40
250053304,동내3-1(동내305),마을버스,평일,2,고은리종점,중앙시장입구,15:30
250053304,동내3-1(동내305),마을버스,평일,2,고은리종점,중앙시장입구,17:05
250053304,동내3-1(동내305),마을버스,평일,2,고은리종점,중앙시장입구,18:45
250053304,동내3-1(동내305),마을버스,휴일,1,중앙시장입구,고은리종점,13:00
250053304,동내3-1(동내305),마을버스,휴일,1,중앙시장입구,고은리종점,14:50
250053304,동내3-1(동내305),마을버스,휴일,1,중앙시장입구,고은리종점,16:25
250053304,동내3-1(동내305),마을버스,휴일,1,중앙시장입구,고은리종점,18:00
250053304,동내3-1(동내305),마을버스,휴일,2,고은리종점,중앙시장입구,13:40
250053304,동내3-1(동내305),마을버스,휴일,2,고은리종점,중앙시장입구,15:30
250053304,동내3-1(동내305),마을버스,휴일,2,고은리종점,중앙시장입구,17:05
250053304,동내3-1(동내305),마을버스,휴일,2,고은리종점,중앙시장입구,18:45
250053305,동내3-1(동내306),마을버스,토요일,1,중앙시장입구,거두리부영A,20:40
250053305,동내3-1(동내306),마을버스,토요일,2,거두리부영A,중앙시장입구,21:40
250053305,동내3-1(동내306),마을버스,평일,1,중앙시장입구,거두리부영A,20:40
250053305,동내3-1(동내306),마을버스,평일,2,거두리부영A,중앙시장입구,21:20
250053305,동내3-1(동내306),마을버스,휴일,1,중앙시장입구,거두리부영A,20:40
250053305,동내3-1(동내306),마을버스,휴일,2,거두리부영A,중앙시장입구,21:20
250053306,동내3-1(동내308),마을버스,토요일,1,중앙시장입구,고은리종점,16:25
250053306,동내3-1(동내308),마을버스,토요일,1,중앙시장입구,고은리종점,18:00
250053306,동내3-1(동내308),마을버스,토요일,2,고은리종점,중앙시장입구,17:05
250053306,동내3-1(동내308),마을버스,토요일,2,고은리종점,중앙시장입구,18:45
250053306,동내3-1(동내308),마을버스,평일,1,중앙시장입구,고은리종점,16:25
250053306,동내3-1(동내308),마을버스,평일,1,중앙시장입구,고은리종점,18:00
250053306,동내3-1(동내308),마을버스,평일,2,고은리종점,중앙시장입구,17:05
250053306,동내3-1(동내308),마을버스,평일,2,고은리종점,중앙시장입구,18:45
250053306,동내3-1(동내308),마을버스,휴일,1,중앙시장입구,고은리종점,16:25
250053306,동내3-1(동내308),마을버스,휴일,1,중앙시장입구,고은리종점,18:00
250053306,동내3-1(동내308),마을버스,휴일,2,고은리종점,중앙시장입구,17:05
250053306,동내3-1(동내308),마을버스,휴일,2,고은리종점,중앙시장입구,18:45
250053400,동내4(동내401),마을버스,토요일,1,화물공영차고지,거두리부영A,6:25
250053400,동내4(동내401),마을버스,평일,1,화물공영차고지,거두리부영A,6:15
250053400,동내4(동내401),마을버스,평일,1,화물공영차고지,거두리부영A,6:15
250053400,동내4(동내401),마을버스,평일,2,거두리부영A,화물공영차고지,6:50
250053400,동내4(동내401),마을버스,평일,2,거두리부영A,화물공영차고지,7:50
250053400,동내4(동내401),마을버스,평일,2,거두리부영A,화물공영차고지,16:00
250053400,동내4(동내401),마을버스,평일,2,거두리부영A,화물공영차고지,17:20
250053400,동내4(동내401),마을버스,평일,2,거두리부영A,화물공영차고지,19:40
250053400,동내4(동내401),마을버스,평일,2,거두리부영A,화물공영차고지,20:50
250053400,동내4(동내401),마을버스,평일,2,거두리부영A,화물공영차고지,22:10
250053400,동내4(동내401),마을버스,휴일,1,화물공영차고지,거두리부영A,6:25
250053401,동내4(동내402),마을버스,토요일,1,석사삼익A,중앙시장입구,6:45
250053401,동내4(동내402),마을버스,평일,1,석사삼익A,중앙시장입구,6:45
250053401,동내4(동내402),마을버스,평일,2,중앙시장입구,석사삼익A,7:25
250053401,동내4(동내402),마을버스,휴일,1,석사삼익A,중앙시장입구,6:45
250053402,동내4(동내403),마을버스,토요일,1,중앙시장입구,화물공영차고지,8:55
250053402,동내4(동내403),마을버스,토요일,1,중앙시장입구,화물공영차고지,11:10
250053402,동내4(동내403),마을버스,토요일,1,중앙시장입구,화물공영차고지,14:20
250053402,동내4(동내403),마을버스,토요일,1,중앙시장입구,화물공영차고지,16:35
250053402,동내4(동내403),마을버스,토요일,2,화물공영차고지,중앙시장입구,9:55
250053402,동내4(동내403),마을버스,토요일,2,화물공영차고지,중앙시장입구,12:10
250053402,동내4(동내403),마을버스,토요일,2,화물공영차고지,중앙시장입구,15:20
250053402,동내4(동내403),마을버스,토요일,2,화물공영차고지,중앙시장입구,17:45
250053402,동내4(동내403),마을버스,평일,1,중앙시장입구,화물공영차고지,8:55
250053402,동내4(동내403),마을버스,평일,1,중앙시장입구,화물공영차고지,11:10
250053402,동내4(동내403),마을버스,평일,1,중앙시장입구,화물공영차고지,14:20
250053402,동내4(동내403),마을버스,평일,2,화물공영차고지,중앙시장입구,9:55
250053402,동내4(동내403),마을버스,평일,2,화물공영차고지,중앙시장입구,12:10
250053402,동내4(동내403),마을버스,평일,2,화물공영차고지,중앙시장입구,15:20
250053402,동내4(동내403),마을버스,휴일,1,중앙시장입구,화물공영차고지,8:55
250053402,동내4(동내403),마을버스,휴일,1,중앙시장입구,화물공영차고지,11:10
250053402,동내4(동내403),마을버스,휴일,1,중앙시장입구,화물공영차고지,14:20
250053402,동내4(동내403),마을버스,휴일,1,중앙시장입구,화물공영차고지,16:35
250053402,동내4(동내403),마을버스,휴일,2,화물공영차고지,중앙시장입구,9:55
250053402,동내4(동내403),마을버스,휴일,2,화물공영차고지,중앙시장입구,12:10
250053402,동내4(동내403),마을버스,휴일,2,화물공영차고지,중앙시장입구,15:20
250053402,동내4(동내403),마을버스,휴일,2,화물공영차고지,중앙시장입구,17:45
250053403,동내4(동내404),마을버스,토요일,1,중앙시장입구,화물공영차고지,19:50
250053403,동내4(동내404),마을버스,토요일,2,화물공영차고지,중앙시장입구,21:00
250053403,동내4(동내404),마을버스,평일,1,중앙시장입구,화물공영차고지,16:35
250053403,동내4(동내404),마을버스,평일,2,화물공영차고지,중앙시장입구,17:45
250053403,동내4(동내404),마을버스,휴일,1,중앙시장입구,화물공영차고지,19:50
250053403,동내4(동내404),마을버스,휴일,2,화물공영차고지,중앙시장입구,21:00
250053404,동내4(동내405),마을버스,토요일,1,중앙시장입구,거두리부영A,21:40
250053404,동내4(동내405),마을버스,평일,1,중앙시장입구,거두리부영A,19:50
250053404,동내4(동내405),마을버스,평일,2,거두리부영A,중앙시장입구,21:00
250053404,동내4(동내405),마을버스,휴일,1,중앙시장입구,거두리부영A,21:40
250053405,동내4(동내406),마을버스,토요일,1,석사삼익A,화물공영차고지,21:40
250053405,동내4(동내406),마을버스,평일,1,석사삼익A,화물공영차고지,21:40
250053405,동내4(동내406),마을버스,휴일,1,석사삼익A,화물공영차고지,21:40
250052500,동면1(동면101),마을버스,토요일,1,중앙로입구,상걸리종점,6:05
250052500,동면1(동면101),마을버스,토요일,2,상걸리종점,중앙로입구,7:10
250052500,동면1(동면101),마을버스,평일,1,중앙로입구,상걸리종점,6:05
250052500,동면1(동면101),마을버스,평일,2,상걸리종점,중앙로입구,7:10
250052500,동면1(동면101),마을버스,휴일,1,중앙로입구,상걸리종점,6:05
250052500,동면1(동면101),마을버스,휴일,2,상걸리종점,중앙로입구,7:10
250052501,동면1(동면102),마을버스,토요일,1,중앙로입구,상걸리종점,8:20
250052501,동면1(동면102),마을버스,토요일,2,상걸리종점,중앙로입구,9:30
250052501,동면1(동면102),마을버스,평일,1,중앙로입구,상걸리종점,8:20
250052501,동면1(동면102),마을버스,평일,2,상걸리종점,중앙로입구,9:30
250052501,동면1(동면102),마을버스,휴일,1,중앙로입구,상걸리종점,8:20
250052501,동면1(동면102),마을버스,휴일,2,상걸리종점,중앙로입구,9:30
250052502,동면1(동면103),마을버스,토요일,1,중앙로입구,상걸리종점,14:55
250052502,동면1(동면103),마을버스,토요일,2,상걸리종점,중앙로입구,16:15
250052502,동면1(동면103),마을버스,평일,1,중앙로입구,상걸리종점,14:55
250052502,동면1(동면103),마을버스,평일,2,상걸리종점,중앙로입구,16:15
250052502,동면1(동면103),마을버스,휴일,1,중앙로입구,상걸리종점,14:55
250052502,동면1(동면103),마을버스,휴일,2,상걸리종점,중앙로입구,16:15
250052503,동면1(동면104),마을버스,토요일,1,중앙로입구,후평동종점,17:35
250052503,동면1(동면104),마을버스,토요일,2,후평동종점,중앙로입구,18:55
250052503,동면1(동면104),마을버스,평일,1,중앙로입구,후평동종점,17:35
250052503,동면1(동면104),마을버스,평일,2,후평동종점,중앙로입구,18:55
250052503,동면1(동면104),마을버스,휴일,1,중앙로입구,후평동종점,17:35
250052503,동면1(동면104),마을버스,휴일,2,후평동종점,중앙로입구,18:55
250052504,동면1(동면105),마을버스,토요일,1,후평동종점,상걸리종점,20:50
250052504,동면1(동면105),마을버스,토요일,2,상걸리종점,후평동종점,21:30
250052504,동면1(동면105),마을버스,평일,1,후평동종점,상걸리종점,20:50
250052504,동면1(동면105),마을버스,평일,2,상걸리종점,후평동종점,21:30
250052504,동면1(동면105),마을버스,휴일,1,후평동종점,상걸리종점,20:50
250052504,동면1(동면105),마을버스,휴일,2,상걸리종점,후평동종점,21:30
250052505,동면1(동면106),마을버스,토요일,1,중앙로입구,상걸리종점,11:15
250052505,동면1(동면106),마을버스,토요일,2,상걸리종점,중앙로입구,12:30
250052505,동면1(동면106),마을버스,평일,1,중앙로입구,상걸리종점,11:15
250052505,동면1(동면106),마을버스,평일,2,상걸리종점,중앙로입구,12:30
250052505,동면1(동면106),마을버스,휴일,1,중앙로입구,상걸리종점,11:15
250052505,동면1(동면106),마을버스,휴일,2,상걸리종점,중앙로입구,12:30
250052600,동면2(동면201),마을버스,토요일,1,후평동종점,중앙로입구,6:20
250052600,동면2(동면201),마을버스,토요일,2,중앙로입구,후평동종점,6:35
250052600,동면2(동면201),마을버스,평일,1,후평동종점,중앙로입구,6:20
250052600,동면2(동면201),마을버스,평일,2,중앙로입구,후평동종점,6:35
250052600,동면2(동면201),마을버스,휴일,1,후평동종점,중앙로입구,6:20
250052600,동면2(동면201),마을버스,휴일,2,중앙로입구,후평동종점,6:35
250052601,동면2(동면202),마을버스,토요일,1,중앙로입구,소양7교,7:55
250052601,동면2(동면202),마을버스,토요일,1,중앙로입구,소양7교,10:05
250052601,동면2(동면202),마을버스,토요일,1,중앙로입구,소양7교,12:10
250052601,동면2(동면202),마을버스,토요일,1,중앙로입구,소양7교,15:05
250052601,동면2(동면202),마을버스,토요일,1,중앙로입구,소양7교,17:20
250052601,동면2(동면202),마을버스,토요일,2,소양7교,중앙로입구,9:00
250052601,동면2(동면202),마을버스,토요일,2,소양7교,중앙로입구,11:00
250052601,동면2(동면202),마을버스,토요일,2,소양7교,중앙로입구,13:05
250052601,동면2(동면202),마을버스,토요일,2,소양7교,중앙로입구,16:05
250052601,동면2(동면202),마을버스,토요일,2,소양7교,중앙로입구,18:20
250052601,동면2(동면202),마을버스,평일,1,중앙로입구,소양7교,7:55
250052601,동면2(동면202),마을버스,평일,1,중앙로입구,소양7교,10:05
250052601,동면2(동면202),마을버스,평일,1,중앙로입구,소양7교,12:10
250052601,동면2(동면202),마을버스,평일,1,중앙로입구,소양7교,15:05
250052601,동면2(동면202),마을버스,평일,1,중앙로입구,소양7교,17:20
250052601,동면2(동면202),마을버스,평일,2,소양7교,중앙로입구,9:00
250052601,동면2(동면202),마을버스,평일,2,소양7교,중앙로입구,11:00
250052601,동면2(동면202),마을버스,평일,2,소양7교,중앙로입구,13:05
250052601,동면2(동면202),마을버스,평일,2,소양7교,중앙로입구,16:05
250052601,동면2(동면202),마을버스,평일,2,소양7교,중앙로입구,18:20
250052601,동면2(동면202),마을버스,휴일,1,중앙로입구,소양7교,7:55
250052601,동면2(동면202),마을버스,휴일,1,중앙로입구,소양7교,10:05
250052601,동면2(동면202),마을버스,휴일,1,중앙로입구,소양7교,12:10
250052601,동면2(동면202),마을버스,휴일,1,중앙로입구,소양7교,15:05
250052601,동면2(동면202),마을버스,휴일,1,중앙로입구,소양7교,17:20
250052601,동면2(동면202),마을버스,휴일,2,소양7교,중앙로입구,9:00
250052601,동면2(동면202),마을버스,휴일,2,소양7교,중앙로입구,11:00
250052601,동면2(동면202),마을버스,휴일,2,소양7교,중앙로입구,13:05
250052601,동면2(동면202),마을버스,휴일,2,소양7교,중앙로입구,16:05
250052601,동면2(동면202),마을버스,휴일,2,소양7교,중앙로입구,18:20
250052602,동면2(동면203),마을버스,토요일,1,중앙로입구,후평동종점,20:20
250052602,동면2(동면203),마을버스,토요일,2,후평동종점,중앙로입구,21:15
250052602,동면2(동면203),마을버스,평일,1,중앙로입구,후평동종점,20:20
250052602,동면2(동면203),마을버스,평일,2,후평동종점,중앙로입구,21:15
250052602,동면2(동면203),마을버스,휴일,1,중앙로입구,후평동종점,20:20
250052602,동면2(동면203),마을버스,휴일,2,후평동종점,중앙로입구,21:15
250052603,동면3(동면301),마을버스,토요일,1,중앙로입구,감정1리마을회관,12:05
250052603,동면3(동면301),마을버스,토요일,1,중앙로입구,감정1리마을회관,16:50
250052603,동면3(동면301),마을버스,토요일,1,중앙로입구,감정1리마을회관,19:30
250052603,동면3(동면301),마을버스,토요일,2,감정1리마을회관,중앙로입구,12:55
250052603,동면3(동면301),마을버스,토요일,2,감정1리마을회관,중앙로입구,17:40
250052603,동면3(동면301),마을버스,토요일,2,감정1리마을회관,중앙로입구,20:20
250052603,동면3(동면301),마을버스,평일,1,중앙로입구,감정1리마을회관,12:05
250052603,동면3(동면301),마을버스,평일,1,중앙로입구,감정1리마을회관,16:50
250052603,동면3(동면301),마을버스,평일,1,중앙로입구,감정1리마을회관,19:30
250052603,동면3(동면301),마을버스,평일,2,감정1리마을회관,중앙로입구,12:55
250052603,동면3(동면301),마을버스,평일,2,감정1리마을회관,중앙로입구,17:40
250052603,동면3(동면301),마을버스,평일,2,감정1리마을회관,중앙로입구,20:20
250052603,동면3(동면301),마을버스,휴일,1,중앙로입구,감정1리마을회관,12:05
250052603,동면3(동면301),마을버스,휴일,1,중앙로입구,감정1리마을회관,16:50
250052603,동면3(동면301),마을버스,휴일,1,중앙로입구,감정1리마을회관,19:30
250052603,동면3(동면301),마을버스,휴일,2,감정1리마을회관,중앙로입구,12:55
250052603,동면3(동면301),마을버스,휴일,2,감정1리마을회관,중앙로입구,17:40
250052603,동면3(동면301),마을버스,휴일,2,감정1리마을회관,중앙로입구,20:20
250052604,동면3(동면302),마을버스,토요일,1,중앙로입구,후평동종점,21:10
250052604,동면3(동면302),마을버스,토요일,2,후평동종점,중앙로입구,22:00
250052604,동면3(동면302),마을버스,평일,1,중앙로입구,후평동종점,21:10
250052604,동면3(동면302),마을버스,평일,2,후평동종점,중앙로입구,22:00
250052604,동면3(동면302),마을버스,휴일,1,중앙로입구,후평동종점,21:10
250052604,동면3(동면302),마을버스,휴일,2,후평동종점,중앙로입구,22:00
250052700,동산1(동산101),마을버스,토요일,1,중앙시장입구,굴지리종점,6:25
250052700,동산1(동산101),마을버스,평일,1,중앙시장입구,굴지리종점,6:25
250052700,동산1(동산101),마을버스,평일,2,굴지리종점,중앙시장입구,6:45
250052700,동산1(동산101),마을버스,휴일,1,중앙시장입구,굴지리종점,6:25
250052701,동산1(동산102),마을버스,토요일,1,굴지리종점,중앙시장입구,13:05
250052701,동산1(동산102),마을버스,평일,1,굴지리종점,중앙시장입구,13:05
250052701,동산1(동산102),마을버스,휴일,1,굴지리종점,중앙시장입구,13:05
250052702,동산1(동산103),마을버스,토요일,1,중앙시장입구,굴지리종점,15:25
250052702,동산1(동산103),마을버스,토요일,1,중앙시장입구,굴지리종점,18:30
250052702,동산1(동산103),마을버스,토요일,2,굴지리종점,중앙시장입구,16:25
250052702,동산1(동산103),마을버스,토요일,2,굴지리종점,중앙시장입구,19:40
250052702,동산1(동산103),마을버스,평일,1,중앙시장입구,굴지리종점,15:25
250052702,동산1(동산103),마을버스,평일,1,중앙시장입구,굴지리종점,18:30
250052702,동산1(동산103),마을버스,평일,2,굴지리종점,중앙시장입구,16:25
250052702,동산1(동산103),마을버스,평일,2,굴지리종점,중앙시장입구,19:40
250052702,동산1(동산103),마을버스,휴일,1,중앙시장입구,굴지리종점,15:25
250052702,동산1(동산103),마을버스,휴일,1,중앙시장입구,굴지리종점,18:30
250052702,동산1(동산103),마을버스,휴일,2,굴지리종점,중앙시장입구,16:25
250052702,동산1(동산103),마을버스,휴일,2,굴지리종점,중앙시장입구,19:40
250052703,동산1(동산104),마을버스,토요일,1,굴지리종점,거두리부영A,21:40
250052703,동산1(동산104),마을버스,평일,1,굴지리종점,거두리부영A,21:40
250052703,동산1(동산104),마을버스,휴일,1,굴지리종점,거두리부영A,21:40
250052800,동산2(동산201),마을버스,토요일,1,중앙시장입구,조양3리종점,6:00
250052800,동산2(동산201),마을버스,토요일,1,중앙시장입구,조양3리종점,11:05
250052800,동산2(동산201),마을버스,토요일,1,중앙시장입구,조양3리종점,17:20
250052800,동산2(동산201),마을버스,토요일,2,조양3리종점,중앙시장입구,7:00
250052800,동산2(동산201),마을버스,토요일,2,조양3리종점,중앙시장입구,12:10
250052800,동산2(동산201),마을버스,토요일,2,조양3리종점,중앙시장입구,18:25
250052800,동산2(동산201),마을버스,평일,1,중앙시장입구,조양3리종점,6:00
250052800,동산2(동산201),마을버스,평일,1,중앙시장입구,조양3리종점,11:05
250052800,동산2(동산201),마을버스,평일,1,중앙시장입구,조양3리종점,17:20
250052800,동산2(동산201),마을버스,평일,2,조양3리종점,중앙시장입구,7:00
250052800,동산2(동산201),마을버스,평일,2,조양3리종점,중앙시장입구,12:10
250052800,동산2(동산201),마을버스,평일,2,조양3리종점,중앙시장입구,18:25
250052800,동산2(동산201),마을버스,휴일,1,중앙시장입구,조양3리종점,6:00
250052800,동산2(동산201),마을버스,휴일,1,중앙시장입구,조양3리종점,11:05
250052800,동산2(동산201),마을버스,휴일,1,중앙시장입구,조양3리종점,17:20
250052800,동산2(동산201),마을버스,휴일,2,조양3리종점,중앙시장입구,7:00
250052800,동산2(동산201),마을버스,휴일,2,조양3리종점,중앙시장입구,12:10
250052800,동산2(동산201),마을버스,휴일,2,조양3리종점,중앙시장입구,18:25
250052801,동산2(동산202),마을버스,토요일,1,중앙시장입구,거두리부영A,20:40
250052801,동산2(동산202),마을버스,토요일,2,거두리부영A,중앙시장입구,21:35
250052801,동산2(동산202),마을버스,평일,1,중앙시장입구,거두리부영A,20:40
250052801,동산2(동산202),마을버스,평일,2,거두리부영A,중앙시장입구,21:35
250052801,동산2(동산202),마을버스,휴일,1,중앙시장입구,거두리부영A,20:40
250052801,동산2(동산202),마을버스,휴일,2,거두리부영A,중앙시장입구,21:35
250052802,동산2(동산203),마을버스,토요일,1,중앙시장입구,조양3리종점,8:05
250052802,동산2(동산203),마을버스,토요일,2,조양3리종점,중앙시장입구,9:30
250052802,동산2(동산203),마을버스,평일,1,중앙시장입구,조양3리종점,8:05
250052802,동산2(동산203),마을버스,평일,2,조양3리종점,중앙시장입구,9:30
250052802,동산2(동산203),마을버스,휴일,1,중앙시장입구,조양3리종점,8:05
250052802,동산2(동산203),마을버스,휴일,2,조양3리종점,중앙시장입구,9:30
250052900,동산3(동산301),마을버스,토요일,1,중앙시장입구,조양3리종점,14:20
250052900,동산3(동산301),마을버스,토요일,2,조양3리종점,중앙시장입구,15:40
250052900,동산3(동산301),마을버스,평일,1,중앙시장입구,조양3리종점,14:20
250052900,동산3(동산301),마을버스,평일,2,조양3리종점,중앙시장입구,15:40
250052900,동산3(동산301),마을버스,휴일,1,중앙시장입구,조양3리종점,14:20
250052900,동산3(동산301),마을버스,휴일,2,조양3리종점,중앙시장입구,15:40
250053000,동산4(동산401),마을버스,토요일,1,굴지리종점,중앙시장입구,7:30
250053000,동산4(동산401),마을버스,평일,1,굴지리종점,중앙시장입구,7:30
250053000,동산4(동산401),마을버스,휴일,1,굴지리종점,중앙시장입구,7:30
250053001,동산4(동산402),마을버스,토요일,1,중앙시장입구,굴지리종점,9:30
250053001,동산4(동산402),마을버스,토요일,2,굴지리종점,중앙시장입구,10:40
250053001,동산4(동산402),마을버스,평일,1,중앙시장입구,굴지리종점,9:30
250053001,동산4(동산402),마을버스,평일,2,굴지리종점,중앙시장입구,10:40
250053001,동산4(동산402),마을버스,휴일,1,중앙시장입구,굴지리종점,9:30
250053001,동산4(동산402),마을버스,휴일,2,굴지리종점,중앙시장입구,10:40
250053002,동산4(동산403),마을버스,토요일,1,중앙시장입구,굴지리종점,11:45
250053002,동산4(동산403),마을버스,토요일,1,중앙시장입구,굴지리종점,20:40
250053002,동산4(동산403),마을버스,평일,1,중앙시장입구,굴지리종점,11:45
250053002,동산4(동산403),마을버스,평일,1,중앙시장입구,굴지리종점,20:40
250053002,동산4(동산403),마을버스,평일,2,굴지리종점,중앙시장입구,20:40
250053002,동산4(동산403),마을버스,휴일,1,중앙시장입구,굴지리종점,11:45
250053002,동산4(동산403),마을버스,휴일,1,중앙시장입구,굴지리종점,20:40
250053003,동산5(동산501),마을버스,토요일,1,중앙시장입구,조양2리,7:00
250053003,동산5(동산501),마을버스,토요일,2,조양2리,중앙시장입구,8:05
250053003,동산5(동산501),마을버스,평일,1,중앙시장입구,조양2리,7:00
250053003,동산5(동산501),마을버스,평일,2,조양2리,중앙시장입구,8:05
250053003,동산5(동산501),마을버스,휴일,1,중앙시장입구,조양2리,7:00
250053003,동산5(동산501),마을버스,휴일,2,조양2리,중앙시장입구,8:05
250053004,동산5(동산502),마을버스,토요일,1,중앙시장입구,조양2리,9:45
250053004,동산5(동산502),마을버스,토요일,2,조양2리,중앙시장입구,10:50
250053004,동산5(동산502),마을버스,평일,1,중앙시장입구,조양2리,9:45
250053004,동산5(동산502),마을버스,평일,2,조양2리,중앙시장입구,10:50
250053004,동산5(동산502),마을버스,휴일,1,중앙시장입구,조양2리,9:45
250053004,동산5(동산502),마을버스,휴일,2,조양2리,중앙시장입구,10:50
250053005,동산5(동산503),마을버스,토요일,1,중앙시장입구,조양2리,14:50
250053005,동산5(동산503),마을버스,토요일,2,조양2리,중앙시장입구,15:50
250053005,동산5(동산503),마을버스,평일,1,중앙시장입구,조양2리,14:50
250053005,동산5(동산503),마을버스,평일,2,조양2리,중앙시장입구,15:50
250053005,동산5(동산503),마을버스,휴일,1,중앙시장입구,조양2리,14:50
250053005,동산5(동산503),마을버스,휴일,2,조양2리,중앙시장입구,15:50
250051200,북산1(북산101),마을버스,토요일,1,중앙로입구,오항리종점,6:10
250051200,북산1(북산101),마을버스,토요일,2,오항리종점,중앙로입구,7:05
250051200,북산1(북산101),마을버스,평일,1,중앙로입구,오항리종점,6:10
250051200,북산1(북산101),마을버스,평일,2,오항리종점,중앙로입구,7:05
250051200,북산1(북산101),마을버스,휴일,1,중앙로입구,오항리종점,6:10
250051200,북산1(북산101),마을버스,휴일,2,오항리종점,중앙로입구,7:05
250051201,북산1(북산102),마을버스,토요일,1,중앙로입구,오항리종점,8:20
250051201,북산1(북산102),마을버스,토요일,1,중앙로입구,오항리종점,10:50
250051201,북산1(북산102),마을버스,토요일,1,중앙로입구,오항리종점,17:10
250051201,북산1(북산102),마을버스,토요일,2,오항리종점,중앙로입구,9:40
250051201,북산1(북산102),마을버스,토요일,2,오항리종점,중앙로입구,12:10
250051201,북산1(북산102),마을버스,토요일,2,오항리종점,중앙로입구,18:25
250051201,북산1(북산102),마을버스,평일,1,중앙로입구,오항리종점,8:20
250051201,북산1(북산102),마을버스,평일,1,중앙로입구,오항리종점,10:50
250051201,북산1(북산102),마을버스,평일,1,중앙로입구,오항리종점,17:10
250051201,북산1(북산102),마을버스,평일,2,오항리종점,중앙로입구,9:40
250051201,북산1(북산102),마을버스,평일,2,오항리종점,중앙로입구,12:10
250051201,북산1(북산102),마을버스,평일,2,오항리종점,중앙로입구,18:25
250051201,북산1(북산102),마을버스,휴일,1,중앙로입구,오항리종점,8:20
250051201,북산1(북산102),마을버스,휴일,1,중앙로입구,오항리종점,10:50
250051201,북산1(북산102),마을버스,휴일,1,중앙로입구,오항리종점,17:10
250051201,북산1(북산102),마을버스,휴일,2,오항리종점,중앙로입구,9:40
250051201,북산1(북산102),마을버스,휴일,2,오항리종점,중앙로입구,12:10
250051201,북산1(북산102),마을버스,휴일,2,오항리종점,중앙로입구,18:25
250051202,북산1(북산103),마을버스,토요일,1,중앙로입구,오항리종점,14:30
250051202,북산1(북산103),마을버스,토요일,2,오항리종점,중앙로입구,15:50
250051202,북산1(북산103),마을버스,평일,1,중앙로입구,오항리종점,14:30
250051202,북산1(북산103),마을버스,평일,2,오항리종점,중앙로입구,15:50
250051202,북산1(북산103),마을버스,휴일,1,중앙로입구,오항리종점,14:30
250051202,북산1(북산103),마을버스,휴일,2,오항리종점,중앙로입구,15:50
250051203,북산1(북산104),마을버스,토요일,1,중앙로입구,오항리종점,20:35
250051203,북산1(북산104),마을버스,평일,1,중앙로입구,오항리종점,20:35
250051203,북산1(북산104),마을버스,휴일,1,중앙로입구,오항리종점,20:35
250051300,북산2(북산201),마을버스,토요일,1,중앙로입구,오항리종점,8:40
250051300,북산2(북산201),마을버스,토요일,2,오항리종점,중앙로입구,10:10
250051300,북산2(북산201),마을버스,평일,1,중앙로입구,오항리종점,8:40
250051300,북산2(북산201),마을버스,평일,2,오항리종점,중앙로입구,10:10
250051300,북산2(북산201),마을버스,휴일,1,중앙로입구,오항리종점,8:40
250051300,북산2(북산201),마을버스,휴일,2,오항리종점,중앙로입구,10:10
250051301,북산2(북산202),마을버스,토요일,1,중앙로입구,청평사종점,16:55
250051301,북산2(북산202),마을버스,토요일,2,청평사종점,중앙로입구,18:05
250051301,북산2(북산202),마을버스,평일,1,중앙로입구,청평사종점,16:55
250051301,북산2(북산202),마을버스,평일,2,청평사종점,중앙로입구,18:05
250051301,북산2(북산202),마을버스,휴일,1,중앙로입구,청평사종점,16:55
250051301,북산2(북산202),마을버스,휴일,2,청평사종점,중앙로입구,18:05
250050900,사북1(사북101),마을버스,토요일,1,강원생명과학고,중앙로입구,6:05
250050900,사북1(사북101),마을버스,토요일,2,중앙로입구,강원생명과학고,6:50
250050900,사북1(사북101),마을버스,평일,1,강원생명과학고,중앙로입구,6:05
250050900,사북1(사북101),마을버스,평일,2,중앙로입구,강원생명과학고,6:50
250050900,사북1(사북101),마을버스,휴일,1,강원생명과학고,중앙로입구,6:05
250050900,사북1(사북101),마을버스,휴일,2,중앙로입구,강원생명과학고,6:50
250050901,사북1(사북102),마을버스,토요일,1,중앙로입구,오탄2리종점,8:15
250050901,사북1(사북102),마을버스,토요일,1,중앙로입구,오탄2리종점,10:55
250050901,사북1(사북102),마을버스,토요일,1,중앙로입구,오탄2리종점,14:15
250050901,사북1(사북102),마을버스,토요일,1,중앙로입구,오탄2리종점,16:50
250050901,사북1(사북102),마을버스,토요일,2,오탄2리종점,중앙로입구,9:30
250050901,사북1(사북102),마을버스,토요일,2,오탄2리종점,중앙로입구,12:00
250050901,사북1(사북102),마을버스,토요일,2,오탄2리종점,중앙로입구,15:25
250050901,사북1(사북102),마을버스,토요일,2,오탄2리종점,중앙로입구,18:10
250050901,사북1(사북102),마을버스,평일,1,중앙로입구,오탄2리종점,6:00
250050901,사북1(사북102),마을버스,평일,2,오탄2리종점,중앙로입구,9:30
250050901,사북1(사북102),마을버스,평일,2,오탄2리종점,중앙로입구,12:00
250050901,사북1(사북102),마을버스,평일,2,오탄2리종점,중앙로입구,15:25
250050901,사북1(사북102),마을버스,평일,2,오탄2리종점,중앙로입구,18:10
250050901,사북1(사북102),마을버스,휴일,1,중앙로입구,오탄2리종점,8:15
250050901,사북1(사북102),마을버스,휴일,1,중앙로입구,오탄2리종점,10:55
250050901,사북1(사북102),마을버스,휴일,1,중앙로입구,오탄2리종점,14:15
250050901,사북1(사북102),마을버스,휴일,1,중앙로입구,오탄2리종점,16:50
250050901,사북1(사북102),마을버스,휴일,2,오탄2리종점,중앙로입구,9:30
250050901,사북1(사북102),마을버스,휴일,2,오탄2리종점,중앙로입구,12:00
250050901,사북1(사북102),마을버스,휴일,2,오탄2리종점,중앙로입구,15:25
250050901,사북1(사북102),마을버스,휴일,2,오탄2리종점,중앙로입구,18:10
250050902,사북1(사북103),마을버스,토요일,1,중앙로입구,오탄2리종점,21:30
250050902,사북1(사북103),마을버스,평일,1,중앙로입구,오탄2리종점,20:30
250050902,사북1(사북103),마을버스,휴일,1,중앙로입구,오탄2리종점,20:30
250051000,사북2(사북201),마을버스,토요일,1,중앙로입구,이상원미술관,8:10
250051000,사북2(사북201),마을버스,토요일,1,중앙로입구,이상원미술관,12:10
250051000,사북2(사북201),마을버스,토요일,2,이상원미술관,중앙로입구,9:00
250051000,사북2(사북201),마을버스,토요일,2,이상원미술관,중앙로입구,13:00
250051000,사북2(사북201),마을버스,평일,1,중앙로입구,이상원미술관,8:10
250051000,사북2(사북201),마을버스,평일,1,중앙로입구,이상원미술관,12:10
250051000,사북2(사북201),마을버스,평일,2,이상원미술관,중앙로입구,9:00
250051000,사북2(사북201),마을버스,평일,2,이상원미술관,중앙로입구,13:00
250051000,사북2(사북201),마을버스,휴일,1,중앙로입구,이상원미술관,8:10
250051000,사북2(사북201),마을버스,휴일,1,중앙로입구,이상원미술관,12:10
250051000,사북2(사북201),마을버스,휴일,2,이상원미술관,중앙로입구,9:00
250051000,사북2(사북201),마을버스,휴일,2,이상원미술관,중앙로입구,13:00
250051001,사북2(사북202),마을버스,토요일,1,중앙로입구,이상원미술관,17:20
250051001,사북2(사북202),마을버스,토요일,2,이상원미술관,중앙로입구,18:20
250051001,사북2(사북202),마을버스,평일,1,중앙로입구,이상원미술관,17:20
250051001,사북2(사북202),마을버스,평일,2,이상원미술관,중앙로입구,18:20
250051001,사북2(사북202),마을버스,휴일,1,중앙로입구,이상원미술관,17:20
250051001,사북2(사북202),마을버스,휴일,2,이상원미술관,중앙로입구,18:20
250051002,사북2-1(사북203),마을버스,토요일,1,중앙로입구,이상원미술관,6:10
250051002,사북2-1(사북203),마을버스,토요일,1,중앙로입구,이상원미술관,10:10
250051002,사북2-1(사북203),마을버스,토요일,1,중앙로입구,이상원미술관,15:00
250051002,사북2-1(사북203),마을버스,토요일,1,중앙로입구,이상원미술관,20:10
250051002,사북2-1(사북203),마을버스,토요일,2,이상원미술관,중앙로입구,7:00
250051002,사북2-1(사북203),마을버스,토요일,2,이상원미술관,중앙로입구,11:00
250051002,사북2-1(사북203),마을버스,토요일,2,이상원미술관,중앙로입구,15:50
250051002,사북2-1(사북203),마을버스,토요일,2,이상원미술관,중앙로입구,21:00
250051002,사북2-1(사북203),마을버스,평일,1,중앙로입구,이상원미술관,6:10
250051002,사북2-1(사북203),마을버스,평일,1,중앙로입구,이상원미술관,10:10
250051002,사북2-1(사북203),마을버스,평일,1,중앙로입구,이상원미술관,15:00
250051002,사북2-1(사북203),마을버스,평일,1,중앙로입구,이상원미술관,20:10
250051002,사북2-1(사북203),마을버스,평일,2,이상원미술관,중앙로입구,7:00
250051002,사북2-1(사북203),마을버스,평일,2,이상원미술관,중앙로입구,11:00
250051002,사북2-1(사북203),마을버스,평일,2,이상원미술관,중앙로입구,15:50
250051002,사북2-1(사북203),마을버스,평일,2,이상원미술관,중앙로입구,21:00
250051002,사북2-1(사북203),마을버스,휴일,1,중앙로입구,이상원미술관,6:10
250051002,사북2-1(사북203),마을버스,휴일,1,중앙로입구,이상원미술관,10:10
250051002,사북2-1(사북203),마을버스,휴일,1,중앙로입구,이상원미술관,15:00
250051002,사북2-1(사북203),마을버스,휴일,1,중앙로입구,이상원미술관,20:10
250051002,사북2-1(사북203),마을버스,휴일,2,이상원미술관,중앙로입구,7:00
250051002,사북2-1(사북203),마을버스,휴일,2,이상원미술관,중앙로입구,11:00
250051002,사북2-1(사북203),마을버스,휴일,2,이상원미술관,중앙로입구,15:50
250051002,사북2-1(사북203),마을버스,휴일,2,이상원미술관,중앙로입구,21:00
250051101,사북3(사북301),마을버스,토요일,1,중앙로입구,인람종점,6:45
250051101,사북3(사북301),마을버스,토요일,1,중앙로입구,인람종점,8:45
250051101,사북3(사북301),마을버스,토요일,1,중앙로입구,인람종점,10:55
250051101,사북3(사북301),마을버스,토요일,2,인람종점,중앙로입구,7:25
250051101,사북3(사북301),마을버스,토요일,2,인람종점,중앙로입구,9:30
250051101,사북3(사북301),마을버스,토요일,2,인람종점,중앙로입구,11:40
250051101,사북3(사북301),마을버스,평일,1,중앙로입구,인람종점,6:45
250051101,사북3(사북301),마을버스,평일,1,중앙로입구,인람종점,8:45
250051101,사북3(사북301),마을버스,평일,1,중앙로입구,인람종점,10:55
250051101,사북3(사북301),마을버스,평일,2,인람종점,중앙로입구,7:25
250051101,사북3(사북301),마을버스,평일,2,인람종점,중앙로입구,9:30
250051101,사북3(사북301),마을버스,평일,2,인람종점,중앙로입구,11:40
250051101,사북3(사북301),마을버스,휴일,1,중앙로입구,인람종점,6:45
250051101,사북3(사북301),마을버스,휴일,1,중앙로입구,인람종점,8:45
250051101,사북3(사북301),마을버스,휴일,1,중앙로입구,인람종점,10:55
250051101,사북3(사북301),마을버스,휴일,2,인람종점,중앙로입구,7:25
250051101,사북3(사북301),마을버스,휴일,2,인람종점,중앙로입구,9:30
250051101,사북3(사북301),마을버스,휴일,2,인람종점,중앙로입구,11:40
250051102,사북3-1(사북302),마을버스,토요일,1,중앙로입구,양통종점,13:45
250051102,사북3-1(사북302),마을버스,토요일,1,중앙로입구,양통종점,16:00
250051102,사북3-1(사북302),마을버스,토요일,1,중앙로입구,양통종점,19:00
250051102,사북3-1(사북302),마을버스,토요일,2,양통종점,중앙로입구,14:30
250051102,사북3-1(사북302),마을버스,토요일,2,양통종점,중앙로입구,16:50
250051102,사북3-1(사북302),마을버스,토요일,2,양통종점,중앙로입구,19:50
250051102,사북3-1(사북302),마을버스,평일,1,중앙로입구,양통종점,13:45
250051102,사북3-1(사북302),마을버스,평일,1,중앙로입구,양통종점,16:00
250051102,사북3-1(사북302),마을버스,평일,1,중앙로입구,양통종점,19:00
250051102,사북3-1(사북302),마을버스,평일,2,양통종점,중앙로입구,14:30
250051102,사북3-1(사북302),마을버스,평일,2,양통종점,중앙로입구,16:50
250051102,사북3-1(사북302),마을버스,평일,2,양통종점,중앙로입구,19:50
250051102,사북3-1(사북302),마을버스,휴일,1,중앙로입구,양통종점,13:45
250051102,사북3-1(사북302),마을버스,휴일,1,중앙로입구,양통종점,16:00
250051102,사북3-1(사북302),마을버스,휴일,1,중앙로입구,양통종점,19:00
250051102,사북3-1(사북302),마을버스,휴일,2,양통종점,중앙로입구,14:30
250051102,사북3-1(사북302),마을버스,휴일,2,양통종점,중앙로입구,16:50
250051102,사북3-1(사북302),마을버스,휴일,2,양통종점,중앙로입구,19:50
250050300,서면1(서면101),마을버스,토요일,1,칠전대우A,중앙시장입구,6:10
250050300,서면1(서면101),마을버스,토요일,2,중앙시장입구,칠전대우A,6:35
250050300,서면1(서면101),마을버스,평일,1,칠전대우A,중앙시장입구,6:10
250050300,서면1(서면101),마을버스,평일,2,중앙시장입구,칠전대우A,6:35
250050300,서면1(서면101),마을버스,휴일,1,칠전대우A,중앙시장입구,6:10
250050300,서면1(서면101),마을버스,휴일,2,중앙시장입구,칠전대우A,6:35
250050301,서면1(서면102),마을버스,토요일,1,중앙시장입구,무림정사입구,7:50
250050301,서면1(서면102),마을버스,토요일,2,무림정사입구,중앙시장입구,8:30
250050301,서면1(서면102),마을버스,평일,1,중앙시장입구,무림정사입구,7:50
250050301,서면1(서면102),마을버스,평일,2,무림정사입구,중앙시장입구,8:30
250050301,서면1(서면102),마을버스,휴일,1,중앙시장입구,무림정사입구,7:50
250050301,서면1(서면102),마을버스,휴일,2,무림정사입구,중앙시장입구,8:30
250050302,서면1(서면103),마을버스,토요일,1,중앙시장입구,안보2리종점,10:00
250050302,서면1(서면103),마을버스,평일,1,중앙시장입구,안보2리종점,10:00
250050302,서면1(서면103),마을버스,휴일,1,중앙시장입구,안보2리종점,10:00
250050303,서면1(서면106),마을버스,토요일,1,무림정사입구,중앙시장입구,13:20
250050303,서면1(서면106),마을버스,평일,1,무림정사입구,중앙시장입구,13:20
250050303,서면1(서면106),마을버스,휴일,1,무림정사입구,중앙시장입구,13:20
250050304,서면1(서면107),마을버스,토요일,1,중앙시장입구,무림정사입구,15:10
250050304,서면1(서면107),마을버스,토요일,2,무림정사입구,중앙시장입구,16:20
250050304,서면1(서면107),마을버스,평일,1,중앙시장입구,무림정사입구,15:10
250050304,서면1(서면107),마을버스,평일,2,무림정사입구,중앙시장입구,16:20
250050304,서면1(서면107),마을버스,휴일,1,중앙시장입구,무림정사입구,15:10
250050304,서면1(서면107),마을버스,휴일,2,무림정사입구,중앙시장입구,16:20
250050305,서면1(서면108),마을버스,토요일,1,중앙시장입구,안보2리종점,17:30
250050305,서면1(서면108),마을버스,토요일,2,안보2리종점,중앙시장입구,18:35
250050305,서면1(서면108),마을버스,평일,1,중앙시장입구,안보2리종점,17:30
250050305,서면1(서면108),마을버스,평일,2,안보2리종점,중앙시장입구,18:35
250050305,서면1(서면108),마을버스,휴일,1,중앙시장입구,안보2리종점,17:30
250050305,서면1(서면108),마을버스,휴일,2,안보2리종점,중앙시장입구,18:35
250050306,서면1-1(서면104),마을버스,토요일,1,안보2리종점,중앙로입구,12:00
250050306,서면1-1(서면104),마을버스,평일,1,안보2리종점,중앙로입구,12:00
250050306,서면1-1(서면104),마을버스,휴일,1,안보2리종점,중앙로입구,12:00
250050307,서면1-1(서면105),마을버스,토요일,1,중앙로입구,무림정사입구,12:00
250050307,서면1-1(서면105),마을버스,평일,1,중앙로입구,무림정사입구,12:00
250050307,서면1-1(서면105),마을버스,휴일,1,중앙로입구,무림정사입구,12:00
250050400,서면2(서면201),마을버스,토요일,1,칠전대우A,중앙시장입구,6:00
250050400,서면2(서면201),마을버스,토요일,2,중앙시장입구,칠전대우A,6:25
250050400,서면2(서면201),마을버스,평일,1,칠전대우A,중앙시장입구,6:00
250050400,서면2(서면201),마을버스,평일,2,중앙시장입구,칠전대우A,6:25
250050400,서면2(서면201),마을버스,휴일,1,칠전대우A,중앙시장입구,6:00
250050400,서면2(서면201),마을버스,휴일,2,중앙시장입구,칠전대우A,6:25
250050401,서면2(서면202),마을버스,토요일,1,중앙시장입구,덕두2리종점,7:15
250050401,서면2(서면202),마을버스,토요일,1,중앙시장입구,덕두2리종점,16:10
250050401,서면2(서면202),마을버스,토요일,1,중앙시장입구,덕두2리종점,18:50
250050401,서면2(서면202),마을버스,토요일,1,중앙시장입구,덕두2리종점,20:20
250050401,서면2(서면202),마을버스,토요일,2,덕두2리종점,중앙시장입구,7:55
250050401,서면2(서면202),마을버스,토요일,2,덕두2리종점,중앙시장입구,16:50
250050401,서면2(서면202),마을버스,토요일,2,덕두2리종점,중앙시장입구,19:35
250050401,서면2(서면202),마을버스,토요일,2,덕두2리종점,중앙시장입구,21:00
250050401,서면2(서면202),마을버스,평일,1,중앙시장입구,덕두2리종점,7:15
250050401,서면2(서면202),마을버스,평일,1,중앙시장입구,덕두2리종점,16:10
250050401,서면2(서면202),마을버스,평일,1,중앙시장입구,덕두2리종점,18:50
250050401,서면2(서면202),마을버스,평일,1,중앙시장입구,덕두2리종점,20:20
250050401,서면2(서면202),마을버스,평일,2,덕두2리종점,중앙시장입구,7:55
250050401,서면2(서면202),마을버스,평일,2,덕두2리종점,중앙시장입구,16:50
250050401,서면2(서면202),마을버스,평일,2,덕두2리종점,중앙시장입구,19:35
250050401,서면2(서면202),마을버스,평일,2,덕두2리종점,중앙시장입구,21:00
250050401,서면2(서면202),마을버스,휴일,1,중앙시장입구,덕두2리종점,7:15
250050401,서면2(서면202),마을버스,휴일,1,중앙시장입구,덕두2리종점,16:10
250050401,서면2(서면202),마을버스,휴일,1,중앙시장입구,덕두2리종점,18:50
250050401,서면2(서면202),마을버스,휴일,1,중앙시장입구,덕두2리종점,20:20
250050401,서면2(서면202),마을버스,휴일,2,덕두2리종점,중앙시장입구,7:55
250050401,서면2(서면202),마을버스,휴일,2,덕두2리종점,중앙시장입구,16:50
250050401,서면2(서면202),마을버스,휴일,2,덕두2리종점,중앙시장입구,19:35
250050401,서면2(서면202),마을버스,휴일,2,덕두2리종점,중앙시장입구,21:00
250050402,서면2(서면203),마을버스,토요일,1,중앙시장입구,덕두2리종점,9:10
250050402,서면2(서면203),마을버스,평일,1,중앙시장입구,덕두2리종점,9:10
250050402,서면2(서면203),마을버스,휴일,1,중앙시장입구,덕두2리종점,9:10
250050403,서면2(서면207),마을버스,토요일,1,덕두2리종점,중앙시장입구,14:50
250050403,서면2(서면207),마을버스,평일,1,덕두2리종점,중앙시장입구,14:50
250050403,서면2(서면207),마을버스,휴일,1,덕두2리종점,중앙시장입구,14:50
250050404,서면2-1(서면204),마을버스,토요일,1,덕두2리종점,중앙로입구,9:50
250050404,서면2-1(서면204),마을버스,평일,1,덕두2리종점,중앙로입구,9:50
250050404,서면2-1(서면204),마을버스,휴일,1,덕두2리종점,중앙로입구,9:50
250050405,서면2-1(서면205),마을버스,토요일,1,중앙로입구,덕두2리종점,11:05
250050405,서면2-1(서면205),마을버스,토요일,2,덕두2리종점,중앙로입구,11:50
250050405,서면2-1(서면205),마을버스,평일,1,중앙로입구,덕두2리종점,11:05
250050405,서면2-1(서면205),마을버스,평일,2,덕두2리종점,중앙로입구,11:50
250050405,서면2-1(서면205),마을버스,휴일,1,중앙로입구,덕두2리종점,11:05
250050405,서면2-1(서면205),마을버스,휴일,2,덕두2리종점,중앙로입구,11:50
250050406,서면2-1(서면206),마을버스,토요일,1,중앙로입구,덕두2리종점,14:05
250050406,서면2-1(서면206),마을버스,평일,1,중앙로입구,덕두2리종점,14:05
250050406,서면2-1(서면206),마을버스,휴일,1,중앙로입구,덕두2리종점,14:05
250050500,서면3(서면301),마을버스,토요일,1,중앙로입구,장절공,5:50
250050500,서면3(서면301),마을버스,토요일,1,중앙로입구,장절공,10:40
250050500,서면3(서면301),마을버스,토요일,1,중앙로입구,장절공,18:05
250050500,서면3(서면301),마을버스,토요일,2,장절공,중앙로입구,6:35
250050500,서면3(서면301),마을버스,토요일,2,장절공,중앙로입구,11:25
250050500,서면3(서면301),마을버스,토요일,2,장절공,중앙로입구,18:55
250050500,서면3(서면301),마을버스,평일,1,중앙로입구,장절공,5:50
250050500,서면3(서면301),마을버스,평일,1,중앙로입구,장절공,10:40
250050500,서면3(서면301),마을버스,평일,1,중앙로입구,장절공,18:05
250050500,서면3(서면301),마을버스,평일,2,장절공,중앙로입구,6:35
250050500,서면3(서면301),마을버스,평일,2,장절공,중앙로입구,11:25
250050500,서면3(서면301),마을버스,평일,2,장절공,중앙로입구,18:55
250050500,서면3(서면301),마을버스,휴일,1,중앙로입구,장절공,5:50
250050500,서면3(서면301),마을버스,휴일,1,중앙로입구,장절공,10:40
250050500,서면3(서면301),마을버스,휴일,1,중앙로입구,장절공,18:05
250050500,서면3(서면301),마을버스,휴일,2,장절공,중앙로입구,6:35
250050500,서면3(서면301),마을버스,휴일,2,장절공,중앙로입구,11:25
250050500,서면3(서면301),마을버스,휴일,2,장절공,중앙로입구,18:55
250050501,서면3(서면302),마을버스,토요일,1,중앙로입구,장절공,7:25
250050501,서면3(서면302),마을버스,토요일,1,중앙로입구,장절공,12:10
250050501,서면3(서면302),마을버스,토요일,1,중앙로입구,장절공,16:30
250050501,서면3(서면302),마을버스,토요일,2,장절공,중앙로입구,8:10
250050501,서면3(서면302),마을버스,토요일,2,장절공,중앙로입구,12:55
250050501,서면3(서면302),마을버스,토요일,2,장절공,중앙로입구,17:10
250050501,서면3(서면302),마을버스,평일,1,중앙로입구,장절공,7:25
250050501,서면3(서면302),마을버스,평일,1,중앙로입구,장절공,12:10
250050501,서면3(서면302),마을버스,평일,1,중앙로입구,장절공,16:30
250050501,서면3(서면302),마을버스,평일,2,장절공,중앙로입구,8:10
250050501,서면3(서면302),마을버스,평일,2,장절공,중앙로입구,12:55
250050501,서면3(서면302),마을버스,평일,2,장절공,중앙로입구,17:10
250050501,서면3(서면302),마을버스,휴일,1,중앙로입구,장절공,7:25
250050501,서면3(서면302),마을버스,휴일,1,중앙로입구,장절공,12:10
250050501,서면3(서면302),마을버스,휴일,1,중앙로입구,장절공,16:30
250050501,서면3(서면302),마을버스,휴일,2,장절공,중앙로입구,8:10
250050501,서면3(서면302),마을버스,휴일,2,장절공,중앙로입구,12:55
250050501,서면3(서면302),마을버스,휴일,2,장절공,중앙로입구,17:10
250050502,서면3(서면303),마을버스,토요일,1,중앙로입구,장절공,9:05
250050502,서면3(서면303),마을버스,토요일,1,중앙로입구,장절공,15:00
250050502,서면3(서면303),마을버스,토요일,2,장절공,중앙로입구,9:50
250050502,서면3(서면303),마을버스,토요일,2,장절공,중앙로입구,15:40
250050502,서면3(서면303),마을버스,평일,1,중앙로입구,장절공,9:05
250050502,서면3(서면303),마을버스,평일,1,중앙로입구,장절공,15:00
250050502,서면3(서면303),마을버스,평일,2,장절공,중앙로입구,9:50
250050502,서면3(서면303),마을버스,평일,2,장절공,중앙로입구,15:40
250050502,서면3(서면303),마을버스,휴일,1,중앙로입구,장절공,9:05
250050502,서면3(서면303),마을버스,휴일,1,중앙로입구,장절공,15:00
250050502,서면3(서면303),마을버스,휴일,2,장절공,중앙로입구,9:50
250050502,서면3(서면303),마을버스,휴일,2,장절공,중앙로입구,15:40
250050503,서면3(서면304),마을버스,토요일,1,중앙로입구,장절공,20:55
250050503,서면3(서면304),마을버스,평일,1,중앙로입구,장절공,20:55
250050503,서면3(서면304),마을버스,휴일,1,중앙로입구,장절공,20:55
250050600,서면4(서면401),마을버스,토요일,1,소양고등학교,중앙로입구,6:20
250050600,서면4(서면401),마을버스,토요일,2,중앙로입구,소양고등학교,6:45
250050600,서면4(서면401),마을버스,평일,1,소양고등학교,중앙로입구,6:20
250050600,서면4(서면401),마을버스,평일,2,중앙로입구,소양고등학교,6:45
250050600,서면4(서면401),마을버스,휴일,1,소양고등학교,중앙로입구,6:20
250050600,서면4(서면401),마을버스,휴일,2,중앙로입구,소양고등학교,6:45
250050601,서면4(서면402),마을버스,토요일,1,중앙로입구,서상2리종점,7:35
250050601,서면4(서면402),마을버스,토요일,2,서상2리종점,중앙로입구,8:15
250050601,서면4(서면402),마을버스,평일,1,중앙로입구,서상2리종점,7:35
250050601,서면4(서면402),마을버스,평일,2,서상2리종점,중앙로입구,8:15
250050601,서면4(서면402),마을버스,휴일,1,중앙로입구,서상2리종점,7:35
250050601,서면4(서면402),마을버스,휴일,2,서상2리종점,중앙로입구,8:15
250050602,서면4(서면403),마을버스,토요일,1,중앙로입구,서상2리종점,9:50
250050602,서면4(서면403),마을버스,토요일,1,중앙로입구,서상2리종점,17:15
250050602,서면4(서면403),마을버스,토요일,2,서상2리종점,중앙로입구,10:30
250050602,서면4(서면403),마을버스,토요일,2,서상2리종점,중앙로입구,18:00
250050602,서면4(서면403),마을버스,평일,1,중앙로입구,서상2리종점,9:50
250050602,서면4(서면403),마을버스,평일,1,중앙로입구,서상2리종점,17:15
250050602,서면4(서면403),마을버스,평일,2,서상2리종점,중앙로입구,10:30
250050602,서면4(서면403),마을버스,평일,2,서상2리종점,중앙로입구,18:00
250050602,서면4(서면403),마을버스,휴일,1,중앙로입구,서상2리종점,9:50
250050602,서면4(서면403),마을버스,휴일,1,중앙로입구,서상2리종점,17:15
250050602,서면4(서면403),마을버스,휴일,2,서상2리종점,중앙로입구,10:30
250050602,서면4(서면403),마을버스,휴일,2,서상2리종점,중앙로입구,18:00
250050603,서면4(서면404),마을버스,토요일,1,중앙로입구,서상2리종점,12:00
250050603,서면4(서면404),마을버스,토요일,1,중앙로입구,서상2리종점,20:00
250050603,서면4(서면404),마을버스,토요일,2,서상2리종점,중앙로입구,13:00
250050603,서면4(서면404),마을버스,토요일,2,서상2리종점,중앙로입구,20:45
250050603,서면4(서면404),마을버스,평일,1,중앙로입구,서상2리종점,12:00
250050603,서면4(서면404),마을버스,평일,1,중앙로입구,서상2리종점,20:00
250050603,서면4(서면404),마을버스,평일,2,서상2리종점,중앙로입구,13:00
250050603,서면4(서면404),마을버스,평일,2,서상2리종점,중앙로입구,20:45
250050603,서면4(서면404),마을버스,휴일,1,중앙로입구,서상2리종점,12:00
250050603,서면4(서면404),마을버스,휴일,1,중앙로입구,서상2리종점,20:00
250050603,서면4(서면404),마을버스,휴일,2,서상2리종점,중앙로입구,13:00
250050603,서면4(서면404),마을버스,휴일,2,서상2리종점,중앙로입구,20:45
250050604,서면4(서면405),마을버스,토요일,1,중앙로입구,서상2리종점,15:20
250050604,서면4(서면405),마을버스,토요일,2,서상2리종점,중앙로입구,16:20
250050604,서면4(서면405),마을버스,평일,1,중앙로입구,서상2리종점,15:20
250050604,서면4(서면405),마을버스,평일,2,서상2리종점,중앙로입구,16:20
250050604,서면4(서면405),마을버스,휴일,1,중앙로입구,서상2리종점,15:20
250050604,서면4(서면405),마을버스,휴일,2,서상2리종점,중앙로입구,16:20
250050700,서면5(서면501),마을버스,토요일,1,강원생명과학고,월송3리종점,6:30
250050700,서면5(서면501),마을버스,토요일,2,월송3리종점,강원생명과학고,6:55
250050700,서면5(서면501),마을버스,평일,1,강원생명과학고,월송3리종점,6:30
250050700,서면5(서면501),마을버스,평일,2,월송3리종점,강원생명과학고,6:55
250050700,서면5(서면501),마을버스,휴일,1,강원생명과학고,월송3리종점,6:30
250050700,서면5(서면501),마을버스,휴일,2,월송3리종점,강원생명과학고,6:55
250050701,서면5(서면502),마을버스,토요일,1,강원생명과학고,중앙로입구,7:25
250050701,서면5(서면502),마을버스,토요일,2,중앙로입구,강원생명과학고,7:55
250050701,서면5(서면502),마을버스,평일,1,강원생명과학고,중앙로입구,7:25
250050701,서면5(서면502),마을버스,평일,2,중앙로입구,강원생명과학고,7:55
250050701,서면5(서면502),마을버스,휴일,1,강원생명과학고,중앙로입구,7:25
250050701,서면5(서면502),마을버스,휴일,2,중앙로입구,강원생명과학고,7:55
250050702,서면5(서면503),마을버스,토요일,1,중앙로입구,월송3리종점,9:00
250050702,서면5(서면503),마을버스,토요일,1,중앙로입구,월송3리종점,10:35
250050702,서면5(서면503),마을버스,토요일,1,중앙로입구,월송3리종점,12:20
250050702,서면5(서면503),마을버스,토요일,1,중앙로입구,월송3리종점,15:15
250050702,서면5(서면503),마을버스,토요일,1,중앙로입구,월송3리종점,17:35
250050702,서면5(서면503),마을버스,토요일,1,중앙로입구,월송3리종점,19:15
250050702,서면5(서면503),마을버스,토요일,1,중앙로입구,월송3리종점,20:45
250050702,서면5(서면503),마을버스,토요일,2,월송3리종점,중앙로입구,9:50
250050702,서면5(서면503),마을버스,토요일,2,월송3리종점,중앙로입구,11:20
250050702,서면5(서면503),마을버스,토요일,2,월송3리종점,중앙로입구,13:05
250050702,서면5(서면503),마을버스,토요일,2,월송3리종점,중앙로입구,16:00
250050702,서면5(서면503),마을버스,토요일,2,월송3리종점,중앙로입구,18:20
250050702,서면5(서면503),마을버스,토요일,2,월송3리종점,중앙로입구,19:55
250050702,서면5(서면503),마을버스,토요일,2,월송3리종점,중앙로입구,21:25
250050702,서면5(서면503),마을버스,평일,1,중앙로입구,월송3리종점,9:00
250050702,서면5(서면503),마을버스,평일,1,중앙로입구,월송3리종점,10:35
250050702,서면5(서면503),마을버스,평일,1,중앙로입구,월송3리종점,12:20
250050702,서면5(서면503),마을버스,평일,1,중앙로입구,월송3리종점,15:15
250050702,서면5(서면503),마을버스,평일,1,중앙로입구,월송3리종점,17:35
250050702,서면5(서면503),마을버스,평일,1,중앙로입구,월송3리종점,19:15
250050702,서면5(서면503),마을버스,평일,1,중앙로입구,월송3리종점,20:45
250050702,서면5(서면503),마을버스,평일,2,월송3리종점,중앙로입구,9:50
250050702,서면5(서면503),마을버스,평일,2,월송3리종점,중앙로입구,9:50
250050702,서면5(서면503),마을버스,평일,2,월송3리종점,중앙로입구,11:20
250050702,서면5(서면503),마을버스,평일,2,월송3리종점,중앙로입구,13:05
250050702,서면5(서면503),마을버스,평일,2,월송3리종점,중앙로입구,16:00
250050702,서면5(서면503),마을버스,평일,2,월송3리종점,중앙로입구,18:20
250050702,서면5(서면503),마을버스,평일,2,월송3리종점,중앙로입구,19:55
250050702,서면5(서면503),마을버스,평일,2,월송3리종점,중앙로입구,21:25
250050702,서면5(서면503),마을버스,휴일,1,중앙로입구,월송3리종점,9:00
250050702,서면5(서면503),마을버스,휴일,1,중앙로입구,월송3리종점,10:35
250050702,서면5(서면503),마을버스,휴일,1,중앙로입구,월송3리종점,12:20
250050702,서면5(서면503),마을버스,휴일,1,중앙로입구,월송3리종점,15:15
250050702,서면5(서면503),마을버스,휴일,1,중앙로입구,월송3리종점,17:35
250050702,서면5(서면503),마을버스,휴일,1,중앙로입구,월송3리종점,19:15
250050702,서면5(서면503),마을버스,휴일,1,중앙로입구,월송3리종점,20:45
250050702,서면5(서면503),마을버스,휴일,2,월송3리종점,중앙로입구,9:50
250050702,서면5(서면503),마을버스,휴일,2,월송3리종점,중앙로입구,11:20
250050702,서면5(서면503),마을버스,휴일,2,월송3리종점,중앙로입구,13:05
250050702,서면5(서면503),마을버스,휴일,2,월송3리종점,중앙로입구,16:00
250050702,서면5(서면503),마을버스,휴일,2,월송3리종점,중앙로입구,18:20
250050702,서면5(서면503),마을버스,휴일,2,월송3리종점,중앙로입구,19:55
250050702,서면5(서면503),마을버스,휴일,2,월송3리종점,중앙로입구,21:25
250050800,서면6(서면601),마을버스,토요일,1,중앙로입구,오월리종점,6:15
250050800,서면6(서면601),마을버스,토요일,1,중앙로입구,오월리종점,11:35
250050800,서면6(서면601),마을버스,토요일,1,중앙로입구,오월리종점,14:15
250050800,서면6(서면601),마을버스,토요일,1,중앙로입구,오월리종점,19:15
250050800,서면6(서면601),마을버스,토요일,2,오월리종점,중앙로입구,7:00
250050800,서면6(서면601),마을버스,토요일,2,오월리종점,중앙로입구,12:20
250050800,서면6(서면601),마을버스,토요일,2,오월리종점,중앙로입구,15:00
250050800,서면6(서면601),마을버스,토요일,2,오월리종점,중앙로입구,20:00
250050800,서면6(서면601),마을버스,평일,1,중앙로입구,오월리종점,6:15
250050800,서면6(서면601),마을버스,평일,1,중앙로입구,오월리종점,11:35
250050800,서면6(서면601),마을버스,평일,1,중앙로입구,오월리종점,14:15
250050800,서면6(서면601),마을버스,평일,1,중앙로입구,오월리종점,19:15
250050800,서면6(서면601),마을버스,평일,2,오월리종점,중앙로입구,7:00
250050800,서면6(서면601),마을버스,평일,2,오월리종점,중앙로입구,12:20
250050800,서면6(서면601),마을버스,평일,2,오월리종점,중앙로입구,15:00
250050800,서면6(서면601),마을버스,평일,2,오월리종점,중앙로입구,20:00
250050800,서면6(서면601),마을버스,휴일,1,중앙로입구,오월리종점,6:15
250050800,서면6(서면601),마을버스,휴일,1,중앙로입구,오월리종점,11:35
250050800,서면6(서면601),마을버스,휴일,1,중앙로입구,오월리종점,14:15
250050800,서면6(서면601),마을버스,휴일,1,중앙로입구,오월리종점,19:15
250050800,서면6(서면601),마을버스,휴일,2,오월리종점,중앙로입구,7:00
250050800,서면6(서면601),마을버스,휴일,2,오월리종점,중앙로입구,12:20
250050800,서면6(서면601),마을버스,휴일,2,오월리종점,중앙로입구,15:00
250050800,서면6(서면601),마을버스,휴일,2,오월리종점,중앙로입구,20:00
250051400,신동1-1(신동101),마을버스,토요일,1,중앙시장입구,설미종점,6:05
250051400,신동1-1(신동101),마을버스,평일,1,중앙시장입구,설미종점,6:05
250051400,신동1-1(신동101),마을버스,평일,2,설미종점,중앙시장입구,7:50
250051400,신동1-1(신동101),마을버스,휴일,1,중앙시장입구,설미종점,6:05
250051401,신동1-1(신동102),마을버스,토요일,1,설미종점,중앙시장입구,6:05
250051401,신동1-1(신동102),마을버스,토요일,1,설미종점,중앙시장입구,15:40
250051401,신동1-1(신동102),마을버스,토요일,1,설미종점,중앙시장입구,16:50
250051401,신동1-1(신동102),마을버스,토요일,1,설미종점,중앙시장입구,19:25
250051401,신동1-1(신동102),마을버스,토요일,1,설미종점,중앙시장입구,20:50
250051401,신동1-1(신동102),마을버스,평일,1,설미종점,중앙시장입구,6:05
250051401,신동1-1(신동102),마을버스,평일,1,설미종점,중앙시장입구,15:40
250051401,신동1-1(신동102),마을버스,평일,1,설미종점,중앙시장입구,16:50
250051401,신동1-1(신동102),마을버스,평일,1,설미종점,중앙시장입구,19:25
250051401,신동1-1(신동102),마을버스,평일,1,설미종점,중앙시장입구,20:50
250051401,신동1-1(신동102),마을버스,휴일,1,설미종점,중앙시장입구,6:05
250051401,신동1-1(신동102),마을버스,휴일,1,설미종점,중앙시장입구,15:40
250051401,신동1-1(신동102),마을버스,휴일,1,설미종점,중앙시장입구,16:50
250051401,신동1-1(신동102),마을버스,휴일,1,설미종점,중앙시장입구,19:25
250051401,신동1-1(신동102),마을버스,휴일,1,설미종점,중앙시장입구,20:50
250051402,신동1-1(신동103),마을버스,토요일,1,설미종점,중앙시장입구,9:05
250051402,신동1-1(신동103),마을버스,토요일,1,설미종점,중앙시장입구,11:00
250051402,신동1-1(신동103),마을버스,토요일,1,설미종점,중앙시장입구,12:55
250051402,신동1-1(신동103),마을버스,토요일,1,설미종점,중앙시장입구,15:45
250051402,신동1-1(신동103),마을버스,토요일,1,설미종점,중앙시장입구,17:40
250051402,신동1-1(신동103),마을버스,토요일,1,설미종점,중앙시장입구,20:30
250051402,신동1-1(신동103),마을버스,토요일,2,중앙시장입구,설미종점,10:10
250051402,신동1-1(신동103),마을버스,토요일,2,중앙시장입구,설미종점,12:05
250051402,신동1-1(신동103),마을버스,토요일,2,중앙시장입구,설미종점,14:55
250051402,신동1-1(신동103),마을버스,토요일,2,중앙시장입구,설미종점,16:50
250051402,신동1-1(신동103),마을버스,토요일,2,중앙시장입구,설미종점,19:40
250051402,신동1-1(신동103),마을버스,토요일,2,중앙시장입구,설미종점,21:30
250051402,신동1-1(신동103),마을버스,평일,1,설미종점,중앙시장입구,9:05
250051402,신동1-1(신동103),마을버스,평일,1,설미종점,중앙시장입구,11:00
250051402,신동1-1(신동103),마을버스,평일,1,설미종점,중앙시장입구,12:55
250051402,신동1-1(신동103),마을버스,평일,1,설미종점,중앙시장입구,15:45
250051402,신동1-1(신동103),마을버스,평일,1,설미종점,중앙시장입구,17:40
250051402,신동1-1(신동103),마을버스,평일,1,설미종점,중앙시장입구,20:30
250051402,신동1-1(신동103),마을버스,평일,2,중앙시장입구,설미종점,10:10
250051402,신동1-1(신동103),마을버스,평일,2,중앙시장입구,설미종점,12:05
250051402,신동1-1(신동103),마을버스,평일,2,중앙시장입구,설미종점,14:55
250051402,신동1-1(신동103),마을버스,평일,2,중앙시장입구,설미종점,16:50
250051402,신동1-1(신동103),마을버스,평일,2,중앙시장입구,설미종점,19:40
250051402,신동1-1(신동103),마을버스,평일,2,중앙시장입구,설미종점,21:30
250051402,신동1-1(신동103),마을버스,휴일,1,설미종점,중앙시장입구,9:05
250051402,신동1-1(신동103),마을버스,휴일,1,설미종점,중앙시장입구,11:00
250051402,신동1-1(신동103),마을버스,휴일,1,설미종점,중앙시장입구,12:55
250051402,신동1-1(신동103),마을버스,휴일,1,설미종점,중앙시장입구,15:45
250051402,신동1-1(신동103),마을버스,휴일,1,설미종점,중앙시장입구,17:40
250051402,신동1-1(신동103),마을버스,휴일,1,설미종점,중앙시장입구,20:30
250051402,신동1-1(신동103),마을버스,휴일,2,중앙시장입구,설미종점,10:10
250051402,신동1-1(신동103),마을버스,휴일,2,중앙시장입구,설미종점,12:05
250051402,신동1-1(신동103),마을버스,휴일,2,중앙시장입구,설미종점,14:55
250051402,신동1-1(신동103),마을버스,휴일,2,중앙시장입구,설미종점,16:50
250051402,신동1-1(신동103),마을버스,휴일,2,중앙시장입구,설미종점,19:40
250051402,신동1-1(신동103),마을버스,휴일,2,중앙시장입구,설미종점,21:30
250051403,신동1-2(신동104),마을버스,토요일,1,중앙시장입구,혈동2리종점,6:15
250051403,신동1-2(신동104),마을버스,평일,1,중앙시장입구,혈동2리종점,6:15
250051403,신동1-2(신동104),마을버스,휴일,1,중앙시장입구,혈동2리종점,6:15
250051404,신동1-2(신동105),마을버스,토요일,1,혈동2리종점,중앙시장입구,7:00
250051404,신동1-2(신동105),마을버스,토요일,1,혈동2리종점,중앙시장입구,16:50
250051404,신동1-2(신동105),마을버스,토요일,1,혈동2리종점,중앙시장입구,19:25
250051404,신동1-2(신동105),마을버스,토요일,2,중앙시장입구,혈동2리종점,7:50
250051404,신동1-2(신동105),마을버스,토요일,2,중앙시장입구,혈동2리종점,18:40
250051404,신동1-2(신동105),마을버스,토요일,2,중앙시장입구,혈동2리종점,20:25
250051404,신동1-2(신동105),마을버스,평일,1,혈동2리종점,중앙시장입구,7:00
250051404,신동1-2(신동105),마을버스,평일,1,혈동2리종점,중앙시장입구,16:50
250051404,신동1-2(신동105),마을버스,평일,1,혈동2리종점,중앙시장입구,19:25
250051404,신동1-2(신동105),마을버스,평일,2,중앙시장입구,혈동2리종점,7:50
250051404,신동1-2(신동105),마을버스,평일,2,중앙시장입구,혈동2리종점,18:40
250051404,신동1-2(신동105),마을버스,평일,2,중앙시장입구,혈동2리종점,20:25
250051404,신동1-2(신동105),마을버스,휴일,1,혈동2리종점,중앙시장입구,7:00
250051404,신동1-2(신동105),마을버스,휴일,1,혈동2리종점,중앙시장입구,16:50
250051404,신동1-2(신동105),마을버스,휴일,1,혈동2리종점,중앙시장입구,19:25
250051404,신동1-2(신동105),마을버스,휴일,2,중앙시장입구,혈동2리종점,7:50
250051404,신동1-2(신동105),마을버스,휴일,2,중앙시장입구,혈동2리종점,18:40
250051404,신동1-2(신동105),마을버스,휴일,2,중앙시장입구,혈동2리종점,20:25
250051405,신동1-2(신동106),마을버스,토요일,1,혈동2리종점,중앙시장입구,8:50
250051405,신동1-2(신동106),마을버스,토요일,1,혈동2리종점,중앙시장입구,10:40
250051405,신동1-2(신동106),마을버스,토요일,2,중앙시장입구,혈동2리종점,9:50
250051405,신동1-2(신동106),마을버스,토요일,2,중앙시장입구,혈동2리종점,11:30
250051405,신동1-2(신동106),마을버스,평일,1,혈동2리종점,중앙시장입구,8:50
250051405,신동1-2(신동106),마을버스,평일,1,혈동2리종점,중앙시장입구,10:40
250051405,신동1-2(신동106),마을버스,평일,2,중앙시장입구,혈동2리종점,9:50
250051405,신동1-2(신동106),마을버스,평일,2,중앙시장입구,혈동2리종점,11:30
250051405,신동1-2(신동106),마을버스,휴일,1,혈동2리종점,중앙시장입구,8:50
250051405,신동1-2(신동106),마을버스,휴일,1,혈동2리종점,중앙시장입구,10:40
250051405,신동1-2(신동106),마을버스,휴일,2,중앙시장입구,혈동2리종점,9:50
250051405,신동1-2(신동106),마을버스,휴일,2,중앙시장입구,혈동2리종점,11:30
250051406,신동1-2(신동107),마을버스,토요일,1,혈동2리종점,중앙시장입구,12:20
250051406,신동1-2(신동107),마을버스,토요일,1,혈동2리종점,중앙시장입구,15:10
250051406,신동1-2(신동107),마을버스,토요일,2,중앙시장입구,혈동2리종점,14:20
250051406,신동1-2(신동107),마을버스,토요일,2,중앙시장입구,혈동2리종점,16:00
250051406,신동1-2(신동107),마을버스,평일,1,혈동2리종점,중앙시장입구,12:20
250051406,신동1-2(신동107),마을버스,평일,1,혈동2리종점,중앙시장입구,15:10
250051406,신동1-2(신동107),마을버스,평일,2,중앙시장입구,혈동2리종점,14:20
250051406,신동1-2(신동107),마을버스,평일,2,중앙시장입구,혈동2리종점,16:00
250051406,신동1-2(신동107),마을버스,휴일,1,혈동2리종점,중앙시장입구,12:20
250051406,신동1-2(신동107),마을버스,휴일,1,혈동2리종점,중앙시장입구,15:10
250051406,신동1-2(신동107),마을버스,휴일,2,중앙시장입구,혈동2리종점,14:20
250051406,신동1-2(신동107),마을버스,휴일,2,중앙시장입구,혈동2리종점,16:00
250051407,신동1-2(신동108),마을버스,토요일,1,혈동2리종점,칠전대우A,21:05
250051407,신동1-2(신동108),마을버스,평일,1,혈동2리종점,칠전대우A,21:05
250051407,신동1-2(신동108),마을버스,휴일,1,혈동2리종점,칠전대우A,21:05
250051500,신동2(신동201),마을버스,토요일,1,홈플러스,중앙시장입구,7:00
250051500,신동2(신동201),마을버스,토요일,2,중앙시장입구,홈플러스,7:30
250051500,신동2(신동201),마을버스,평일,1,홈플러스,중앙시장입구,7:00
250051500,신동2(신동201),마을버스,평일,2,중앙시장입구,홈플러스,7:30
250051500,신동2(신동201),마을버스,휴일,1,홈플러스,중앙시장입구,7:00
250051500,신동2(신동201),마을버스,휴일,2,중앙시장입구,홈플러스,7:30
250051501,신동2(신동202),마을버스,토요일,1,중앙시장입구,혈동1리종점,8:25
250051501,신동2(신동202),마을버스,토요일,2,혈동1리종점,중앙시장입구,9:35
250051501,신동2(신동202),마을버스,평일,1,중앙시장입구,혈동1리종점,8:25
250051501,신동2(신동202),마을버스,평일,2,혈동1리종점,중앙시장입구,9:35
250051501,신동2(신동202),마을버스,휴일,1,중앙시장입구,혈동1리종점,8:25
250051501,신동2(신동202),마을버스,휴일,2,혈동1리종점,중앙시장입구,9:35
250051502,신동2(신동203),마을버스,토요일,1,중앙시장입구,혈동1리종점,10:25
250051502,신동2(신동203),마을버스,토요일,1,중앙시장입구,혈동1리종점,12:05
250051502,신동2(신동203),마을버스,토요일,1,중앙시장입구,혈동1리종점,14:45
250051502,신동2(신동203),마을버스,토요일,1,중앙시장입구,혈동1리종점,16:20
250051502,신동2(신동203),마을버스,토요일,1,중앙시장입구,혈동1리종점,18:45
250051502,신동2(신동203),마을버스,토요일,1,중앙시장입구,혈동1리종점,20:25
250051502,신동2(신동203),마을버스,토요일,2,혈동1리종점,중앙시장입구,11:15
250051502,신동2(신동203),마을버스,토요일,2,혈동1리종점,중앙시장입구,12:55
250051502,신동2(신동203),마을버스,토요일,2,혈동1리종점,중앙시장입구,15:35
250051502,신동2(신동203),마을버스,토요일,2,혈동1리종점,중앙시장입구,17:10
250051502,신동2(신동203),마을버스,토요일,2,혈동1리종점,중앙시장입구,19:40
250051502,신동2(신동203),마을버스,토요일,2,혈동1리종점,중앙시장입구,21:20
250051502,신동2(신동203),마을버스,평일,1,중앙시장입구,혈동1리종점,10:25
250051502,신동2(신동203),마을버스,평일,1,중앙시장입구,혈동1리종점,12:05
250051502,신동2(신동203),마을버스,평일,1,중앙시장입구,혈동1리종점,14:45
250051502,신동2(신동203),마을버스,평일,1,중앙시장입구,혈동1리종점,16:20
250051502,신동2(신동203),마을버스,평일,1,중앙시장입구,혈동1리종점,18:45
250051502,신동2(신동203),마을버스,평일,1,중앙시장입구,혈동1리종점,20:25
250051502,신동2(신동203),마을버스,평일,2,혈동1리종점,중앙시장입구,11:15
250051502,신동2(신동203),마을버스,평일,2,혈동1리종점,중앙시장입구,12:55
250051502,신동2(신동203),마을버스,평일,2,혈동1리종점,중앙시장입구,15:35
250051502,신동2(신동203),마을버스,평일,2,혈동1리종점,중앙시장입구,17:10
250051502,신동2(신동203),마을버스,평일,2,혈동1리종점,중앙시장입구,19:40
250051502,신동2(신동203),마을버스,평일,2,혈동1리종점,중앙시장입구,21:20
250051502,신동2(신동203),마을버스,휴일,1,중앙시장입구,혈동1리종점,10:25
250051502,신동2(신동203),마을버스,휴일,1,중앙시장입구,혈동1리종점,12:05
250051502,신동2(신동203),마을버스,휴일,1,중앙시장입구,혈동1리종점,14:45
250051502,신동2(신동203),마을버스,휴일,1,중앙시장입구,혈동1리종점,16:20
250051502,신동2(신동203),마을버스,휴일,1,중앙시장입구,혈동1리종점,18:45
250051502,신동2(신동203),마을버스,휴일,1,중앙시장입구,혈동1리종점,20:25
250051502,신동2(신동203),마을버스,휴일,2,혈동1리종점,중앙시장입구,11:15
250051502,신동2(신동203),마을버스,휴일,2,혈동1리종점,중앙시장입구,12:55
250051502,신동2(신동203),마을버스,휴일,2,혈동1리종점,중앙시장입구,15:35
250051502,신동2(신동203),마을버스,휴일,2,혈동1리종점,중앙시장입구,17:10
250051502,신동2(신동203),마을버스,휴일,2,혈동1리종점,중앙시장입구,19:40
250051502,신동2(신동203),마을버스,휴일,2,혈동1리종점,중앙시장입구,21:20
250051600,신동3(신동301),마을버스,토요일,1,홈플러스,증4리종점,6:20
250051600,신동3(신동301),마을버스,토요일,2,증4리종점,홈플러스,6:50
250051600,신동3(신동301),마을버스,평일,1,홈플러스,증4리종점,6:20
250051600,신동3(신동301),마을버스,평일,2,증4리종점,홈플러스,6:50
250051600,신동3(신동301),마을버스,휴일,1,홈플러스,증4리종점,6:20
250051600,신동3(신동301),마을버스,휴일,2,증4리종점,홈플러스,6:50
250051601,신동3(신동302),마을버스,토요일,1,홈플러스,중앙시장입구,7:20
250051601,신동3(신동302),마을버스,토요일,2,중앙시장입구,홈플러스,7:50
250051601,신동3(신동302),마을버스,평일,1,홈플러스,중앙시장입구,7:20
250051601,신동3(신동302),마을버스,평일,2,중앙시장입구,홈플러스,7:50
250051601,신동3(신동302),마을버스,휴일,1,홈플러스,중앙시장입구,7:20
250051601,신동3(신동302),마을버스,휴일,2,중앙시장입구,홈플러스,7:50
250051602,신동3(신동303),마을버스,토요일,1,중앙시장입구,증4리종점,8:50
250051602,신동3(신동303),마을버스,토요일,1,중앙시장입구,증4리종점,10:40
250051602,신동3(신동303),마을버스,토요일,1,중앙시장입구,증4리종점,12:25
250051602,신동3(신동303),마을버스,토요일,1,중앙시장입구,증4리종점,15:10
250051602,신동3(신동303),마을버스,토요일,1,중앙시장입구,증4리종점,19:45
250051602,신동3(신동303),마을버스,토요일,2,증4리종점,중앙시장입구,9:40
250051602,신동3(신동303),마을버스,토요일,2,증4리종점,중앙시장입구,11:30
250051602,신동3(신동303),마을버스,토요일,2,증4리종점,중앙시장입구,13:10
250051602,신동3(신동303),마을버스,토요일,2,증4리종점,중앙시장입구,16:00
250051602,신동3(신동303),마을버스,토요일,2,증4리종점,중앙시장입구,20:30
250051602,신동3(신동303),마을버스,평일,1,중앙시장입구,증4리종점,8:50
250051602,신동3(신동303),마을버스,평일,1,중앙시장입구,증4리종점,10:40
250051602,신동3(신동303),마을버스,평일,1,중앙시장입구,증4리종점,12:25
250051602,신동3(신동303),마을버스,평일,1,중앙시장입구,증4리종점,15:10
250051602,신동3(신동303),마을버스,평일,1,중앙시장입구,증4리종점,19:45
250051602,신동3(신동303),마을버스,평일,2,증4리종점,중앙시장입구,9:40
250051602,신동3(신동303),마을버스,평일,2,증4리종점,중앙시장입구,11:30
250051602,신동3(신동303),마을버스,평일,2,증4리종점,중앙시장입구,13:10
250051602,신동3(신동303),마을버스,평일,2,증4리종점,중앙시장입구,16:00
250051602,신동3(신동303),마을버스,평일,2,증4리종점,중앙시장입구,20:30
250051602,신동3(신동303),마을버스,휴일,1,중앙시장입구,증4리종점,8:50
250051602,신동3(신동303),마을버스,휴일,1,중앙시장입구,증4리종점,10:40
250051602,신동3(신동303),마을버스,휴일,1,중앙시장입구,증4리종점,12:25
250051602,신동3(신동303),마을버스,휴일,1,중앙시장입구,증4리종점,15:10
250051602,신동3(신동303),마을버스,휴일,1,중앙시장입구,증4리종점,19:45
250051602,신동3(신동303),마을버스,휴일,2,증4리종점,중앙시장입구,9:40
250051602,신동3(신동303),마을버스,휴일,2,증4리종점,중앙시장입구,11:30
250051602,신동3(신동303),마을버스,휴일,2,증4리종점,중앙시장입구,13:10
250051602,신동3(신동303),마을버스,휴일,2,증4리종점,중앙시장입구,16:00
250051602,신동3(신동303),마을버스,휴일,2,증4리종점,중앙시장입구,20:30
250051603,신동3(신동304),마을버스,토요일,1,중앙시장입구,증4리종점,15:20
250051603,신동3(신동304),마을버스,평일,1,중앙시장입구,증4리종점,17:00
250051603,신동3(신동304),마을버스,평일,2,증4리종점,중앙시장입구,17:50
250051603,신동3(신동304),마을버스,휴일,1,중앙시장입구,증4리종점,15:20
250051604,신동3(신동305),마을버스,토요일,1,중앙시장입구,증4리종점,21:20
250051604,신동3(신동305),마을버스,평일,1,중앙시장입구,증4리종점,21:20
250051604,신동3(신동305),마을버스,휴일,1,중앙시장입구,증4리종점,21:20
250050000,신북1(신북101),마을버스,토요일,1,중앙로입구,지내1리종점,6:35
250050000,신북1(신북101),마을버스,토요일,1,중앙로입구,지내1리종점,7:50
250050000,신북1(신북101),마을버스,토요일,2,지내1리종점,중앙로입구,6:10
250050000,신북1(신북101),마을버스,토요일,2,지내1리종점,중앙로입구,7:25
250050000,신북1(신북101),마을버스,평일,1,중앙로입구,지내1리종점,6:10
250050000,신북1(신북101),마을버스,평일,1,중앙로입구,지내1리종점,7:25
250050000,신북1(신북101),마을버스,평일,2,지내1리종점,중앙로입구,6:35
250050000,신북1(신북101),마을버스,평일,2,지내1리종점,중앙로입구,7:50
250050000,신북1(신북101),마을버스,휴일,1,중앙로입구,지내1리종점,6:10
250050000,신북1(신북101),마을버스,휴일,1,중앙로입구,지내1리종점,7:25
250050000,신북1(신북101),마을버스,휴일,2,지내1리종점,중앙로입구,6:35
250050000,신북1(신북101),마을버스,휴일,2,지내1리종점,중앙로입구,7:50
250050001,신북1(신북102),마을버스,토요일,1,중앙로입구,지내1리종점,8:55
250050001,신북1(신북102),마을버스,토요일,2,지내1리종점,중앙로입구,9:20
250050001,신북1(신북102),마을버스,평일,1,중앙로입구,지내1리종점,8:55
250050001,신북1(신북102),마을버스,평일,2,지내1리종점,중앙로입구,9:20
250050001,신북1(신북102),마을버스,휴일,1,중앙로입구,지내1리종점,8:55
250050001,신북1(신북102),마을버스,휴일,2,지내1리종점,중앙로입구,9:20
250050002,신북1(신북103),마을버스,토요일,1,중앙로입구,지내1리종점,10:30
250050002,신북1(신북103),마을버스,토요일,2,지내1리종점,중앙로입구,11:05
250050002,신북1(신북103),마을버스,평일,1,중앙로입구,지내1리종점,10:30
250050002,신북1(신북103),마을버스,평일,2,지내1리종점,중앙로입구,11:05
250050002,신북1(신북103),마을버스,휴일,1,중앙로입구,지내1리종점,10:30
250050002,신북1(신북103),마을버스,휴일,2,지내1리종점,중앙로입구,11:05
250050003,신북1-1(신북104),마을버스,토요일,1,중앙로입구,지내1리종점,12:10
250050003,신북1-1(신북104),마을버스,토요일,2,지내1리종점,중앙로입구,12:45
250050003,신북1-1(신북104),마을버스,평일,1,중앙로입구,지내1리종점,12:10
250050003,신북1-1(신북104),마을버스,평일,2,지내1리종점,중앙로입구,12:45
250050003,신북1-1(신북104),마을버스,휴일,1,중앙로입구,지내1리종점,12:45
250050003,신북1-1(신북104),마을버스,휴일,2,지내1리종점,중앙로입구,12:45
250050004,신북1-1(신북105),마을버스,토요일,1,중앙로입구,지내1리종점,14:35
250050004,신북1-1(신북105),마을버스,토요일,1,중앙로입구,지내1리종점,16:05
250050004,신북1-1(신북105),마을버스,토요일,1,중앙로입구,지내1리종점,17:35
250050004,신북1-1(신북105),마을버스,토요일,1,중앙로입구,지내1리종점,19:55
250050004,신북1-1(신북105),마을버스,토요일,1,중앙로입구,지내1리종점,21:20
250050004,신북1-1(신북105),마을버스,토요일,2,지내1리종점,중앙로입구,16:30
250050004,신북1-1(신북105),마을버스,토요일,2,지내1리종점,중앙로입구,17:00
250050004,신북1-1(신북105),마을버스,토요일,2,지내1리종점,중앙로입구,18:00
250050004,신북1-1(신북105),마을버스,토요일,2,지내1리종점,중앙로입구,20:20
250050004,신북1-1(신북105),마을버스,토요일,2,지내1리종점,중앙로입구,21:45
250050004,신북1-1(신북105),마을버스,평일,1,중앙로입구,지내1리종점,14:35
250050004,신북1-1(신북105),마을버스,평일,1,중앙로입구,지내1리종점,16:05
250050004,신북1-1(신북105),마을버스,평일,1,중앙로입구,지내1리종점,17:35
250050004,신북1-1(신북105),마을버스,평일,1,중앙로입구,지내1리종점,19:55
250050004,신북1-1(신북105),마을버스,평일,1,중앙로입구,지내1리종점,21:20
250050004,신북1-1(신북105),마을버스,평일,2,지내1리종점,중앙로입구,15:00
250050004,신북1-1(신북105),마을버스,평일,2,지내1리종점,중앙로입구,16:30
250050004,신북1-1(신북105),마을버스,평일,2,지내1리종점,중앙로입구,18:00
250050004,신북1-1(신북105),마을버스,평일,2,지내1리종점,중앙로입구,20:20
250050004,신북1-1(신북105),마을버스,평일,2,지내1리종점,중앙로입구,21:45
250050004,신북1-1(신북105),마을버스,휴일,1,중앙로입구,지내1리종점,14:35
250050004,신북1-1(신북105),마을버스,휴일,1,중앙로입구,지내1리종점,16:05
250050004,신북1-1(신북105),마을버스,휴일,1,중앙로입구,지내1리종점,17:35
250050004,신북1-1(신북105),마을버스,휴일,1,중앙로입구,지내1리종점,19:55
250050004,신북1-1(신북105),마을버스,휴일,1,중앙로입구,지내1리종점,21:20
250050004,신북1-1(신북105),마을버스,휴일,2,지내1리종점,중앙로입구,16:30
250050004,신북1-1(신북105),마을버스,휴일,2,지내1리종점,중앙로입구,17:00
250050004,신북1-1(신북105),마을버스,휴일,2,지내1리종점,중앙로입구,18:00
250050004,신북1-1(신북105),마을버스,휴일,2,지내1리종점,중앙로입구,20:20
250050004,신북1-1(신북105),마을버스,휴일,2,지내1리종점,중앙로입구,21:45
250050100,신북2(신북201),마을버스,토요일,1,중앙로입구,유포2리종점,6:00
250050100,신북2(신북201),마을버스,토요일,1,중앙로입구,유포2리종점,7:30
250050100,신북2(신북201),마을버스,토요일,1,중앙로입구,유포2리종점,9:10
250050100,신북2(신북201),마을버스,토요일,1,중앙로입구,유포2리종점,10:40
250050100,신북2(신북201),마을버스,토요일,2,유포2리종점,중앙로입구,6:30
250050100,신북2(신북201),마을버스,토요일,2,유포2리종점,중앙로입구,8:05
250050100,신북2(신북201),마을버스,토요일,2,유포2리종점,중앙로입구,9:45
250050100,신북2(신북201),마을버스,토요일,2,유포2리종점,중앙로입구,11:15
250050100,신북2(신북201),마을버스,평일,1,중앙로입구,유포2리종점,6:00
250050100,신북2(신북201),마을버스,평일,1,중앙로입구,유포2리종점,7:30
250050100,신북2(신북201),마을버스,평일,1,중앙로입구,유포2리종점,9:10
250050100,신북2(신북201),마을버스,평일,1,중앙로입구,유포2리종점,10:40
250050100,신북2(신북201),마을버스,평일,2,유포2리종점,중앙로입구,6:30
250050100,신북2(신북201),마을버스,평일,2,유포2리종점,중앙로입구,8:05
250050100,신북2(신북201),마을버스,평일,2,유포2리종점,중앙로입구,9:45
250050100,신북2(신북201),마을버스,평일,2,유포2리종점,중앙로입구,11:15
250050100,신북2(신북201),마을버스,휴일,1,중앙로입구,유포2리종점,6:00
250050100,신북2(신북201),마을버스,휴일,1,중앙로입구,유포2리종점,7:30
250050100,신북2(신북201),마을버스,휴일,1,중앙로입구,유포2리종점,9:10
250050100,신북2(신북201),마을버스,휴일,1,중앙로입구,유포2리종점,10:40
250050100,신북2(신북201),마을버스,휴일,2,유포2리종점,중앙로입구,6:30
250050100,신북2(신북201),마을버스,휴일,2,유포2리종점,중앙로입구,8:05
250050100,신북2(신북201),마을버스,휴일,2,유포2리종점,중앙로입구,9:45
250050100,신북2(신북201),마을버스,휴일,2,유포2리종점,중앙로입구,11:15
250050101,신북2-1(신북202),마을버스,토요일,1,중앙로입구,유포2리종점,12:25
250050101,신북2-1(신북202),마을버스,토요일,1,중앙로입구,유포2리종점,15:15
250050101,신북2-1(신북202),마을버스,토요일,1,중앙로입구,유포2리종점,16:50
250050101,신북2-1(신북202),마을버스,토요일,1,중앙로입구,유포2리종점,19:10
250050101,신북2-1(신북202),마을버스,토요일,1,중앙로입구,유포2리종점,20:40
250050101,신북2-1(신북202),마을버스,토요일,2,유포2리종점,중앙로입구,13:00
250050101,신북2-1(신북202),마을버스,토요일,2,유포2리종점,중앙로입구,15:50
250050101,신북2-1(신북202),마을버스,토요일,2,유포2리종점,중앙로입구,17:25
250050101,신북2-1(신북202),마을버스,토요일,2,유포2리종점,중앙로입구,19:45
250050101,신북2-1(신북202),마을버스,토요일,2,유포2리종점,중앙로입구,20:10
250050101,신북2-1(신북202),마을버스,평일,1,중앙로입구,유포2리종점,12:25
250050101,신북2-1(신북202),마을버스,평일,1,중앙로입구,유포2리종점,15:15
250050101,신북2-1(신북202),마을버스,평일,1,중앙로입구,유포2리종점,16:50
250050101,신북2-1(신북202),마을버스,평일,1,중앙로입구,유포2리종점,19:10
250050101,신북2-1(신북202),마을버스,평일,1,중앙로입구,유포2리종점,20:40
250050101,신북2-1(신북202),마을버스,평일,2,유포2리종점,중앙로입구,13:00
250050101,신북2-1(신북202),마을버스,평일,2,유포2리종점,중앙로입구,15:50
250050101,신북2-1(신북202),마을버스,평일,2,유포2리종점,중앙로입구,17:25
250050101,신북2-1(신북202),마을버스,평일,2,유포2리종점,중앙로입구,19:45
250050101,신북2-1(신북202),마을버스,평일,2,유포2리종점,중앙로입구,21:10
250050101,신북2-1(신북202),마을버스,휴일,1,중앙로입구,유포2리종점,12:25
250050101,신북2-1(신북202),마을버스,휴일,1,중앙로입구,유포2리종점,15:15
250050101,신북2-1(신북202),마을버스,휴일,1,중앙로입구,유포2리종점,16:50
250050101,신북2-1(신북202),마을버스,휴일,1,중앙로입구,유포2리종점,19:10
250050101,신북2-1(신북202),마을버스,휴일,1,중앙로입구,유포2리종점,20:40
250050101,신북2-1(신북202),마을버스,휴일,2,유포2리종점,중앙로입구,13:00
250050101,신북2-1(신북202),마을버스,휴일,2,유포2리종점,중앙로입구,15:50
250050101,신북2-1(신북202),마을버스,휴일,2,유포2리종점,중앙로입구,17:25
250050101,신북2-1(신북202),마을버스,휴일,2,유포2리종점,중앙로입구,19:45
250050101,신북2-1(신북202),마을버스,휴일,2,유포2리종점,중앙로입구,21:10
250050200,신북3(신북301),마을버스,토요일,1,중앙로입구,발산리종점,7:45
250050200,신북3(신북301),마을버스,토요일,1,중앙로입구,발산리종점,11:15
250050200,신북3(신북301),마을버스,토요일,1,중앙로입구,발산리종점,15:25
250050200,신북3(신북301),마을버스,토요일,2,발산리종점,중앙로입구,8:25
250050200,신북3(신북301),마을버스,토요일,2,발산리종점,중앙로입구,11:55
250050200,신북3(신북301),마을버스,토요일,2,발산리종점,중앙로입구,16:05
250050200,신북3(신북301),마을버스,평일,1,중앙로입구,발산리종점,7:45
250050200,신북3(신북301),마을버스,평일,1,중앙로입구,발산리종점,11:15
250050200,신북3(신북301),마을버스,평일,1,중앙로입구,발산리종점,15:25
250050200,신북3(신북301),마을버스,평일,2,발산리종점,중앙로입구,8:25
250050200,신북3(신북301),마을버스,평일,2,발산리종점,중앙로입구,11:55
250050200,신북3(신북301),마을버스,평일,2,발산리종점,중앙로입구,16:05
250050200,신북3(신북301),마을버스,휴일,1,중앙로입구,발산리종점,7:45
250050200,신북3(신북301),마을버스,휴일,1,중앙로입구,발산리종점,11:15
250050200,신북3(신북301),마을버스,휴일,1,중앙로입구,발산리종점,15:25
250050200,신북3(신북301),마을버스,휴일,2,발산리종점,중앙로입구,8:25
250050200,신북3(신북301),마을버스,휴일,2,발산리종점,중앙로입구,11:55
250050200,신북3(신북301),마을버스,휴일,2,발산리종점,중앙로입구,16:05
250050201,신북3(신북305),마을버스,토요일,1,중앙로입구,발산리종점,19:25
250050201,신북3(신북305),마을버스,토요일,2,발산리종점,중앙로입구,20:05
250050201,신북3(신북305),마을버스,평일,1,중앙로입구,발산리종점,19:25
250050201,신북3(신북305),마을버스,평일,2,발산리종점,중앙로입구,20:05
250050201,신북3(신북305),마을버스,휴일,1,중앙로입구,발산리종점,19:25
250050201,신북3(신북305),마을버스,휴일,2,발산리종점,중앙로입구,20:05
250050202,신북3-1(신북302),마을버스,토요일,1,중앙로입구,발산리종점,6:15
250050202,신북3-1(신북302),마을버스,토요일,2,발산리종점,중앙로입구,6:40
250050202,신북3-1(신북302),마을버스,평일,1,중앙로입구,발산리종점,6:15
250050202,신북3-1(신북302),마을버스,평일,2,발산리종점,중앙로입구,6:40
250050202,신북3-1(신북302),마을버스,휴일,1,중앙로입구,발산리종점,6:15
250050203,신북3-1(신북303),마을버스,토요일,1,중앙로입구,발산리종점,9:40
250050203,신북3-1(신북303),마을버스,토요일,1,중앙로입구,발산리종점,17:00
250050203,신북3-1(신북303),마을버스,토요일,1,중앙로입구,발산리종점,21:05
250050203,신북3-1(신북303),마을버스,토요일,2,발산리종점,중앙로입구,10:10
250050203,신북3-1(신북303),마을버스,토요일,2,발산리종점,중앙로입구,17:30
250050203,신북3-1(신북303),마을버스,토요일,2,발산리종점,중앙로입구,21:30
250050203,신북3-1(신북303),마을버스,평일,1,중앙로입구,발산리종점,9:40
250050203,신북3-1(신북303),마을버스,평일,1,중앙로입구,발산리종점,17:00
250050203,신북3-1(신북303),마을버스,평일,1,중앙로입구,발산리종점,21:05
250050203,신북3-1(신북303),마을버스,평일,2,발산리종점,중앙로입구,10:15
250050203,신북3-1(신북303),마을버스,평일,2,발산리종점,중앙로입구,17:35
250050203,신북3-1(신북303),마을버스,평일,2,발산리종점,중앙로입구,21:30
250050203,신북3-1(신북303),마을버스,휴일,1,중앙로입구,발산리종점,9:40
250050203,신북3-1(신북303),마을버스,휴일,1,중앙로입구,발산리종점,17:00
250050203,신북3-1(신북303),마을버스,휴일,1,중앙로입구,발산리종점,21:05
250050203,신북3-1(신북303),마을버스,휴일,2,발산리종점,중앙로입구,10:10
250050203,신북3-1(신북303),마을버스,휴일,2,발산리종점,중앙로입구,17:30
250050203,신북3-1(신북303),마을버스,휴일,2,발산리종점,중앙로입구,21:30
250050204,신북3-1(신북304),마을버스,토요일,1,중앙로입구,발산리종점,12:50
250050204,신북3-1(신북304),마을버스,토요일,2,발산리종점,중앙로입구,13:25
250050204,신북3-1(신북304),마을버스,평일,1,중앙로입구,발산리종점,13:30
250050204,신북3-1(신북304),마을버스,평일,2,발산리종점,중앙로입구,16:10
250050204,신북3-1(신북304),마을버스,휴일,1,중앙로입구,발산리종점,12:50
250050204,신북3-1(신북304),마을버스,휴일,2,발산리종점,중앙로입구,13:25
